2017-10-15 16:12:43, Starting up.
2017-10-15 16:12:45, Cup, 1.0, max cocktail volume, 0.45, percent cocktail, 45.0%, percent ice, 55.0%
2017-10-15 16:13:13, Scorpion,0.00,0.10,0.00,0.00,0.08,0.00,0.15,0.00,0.00,0.00,0.08,0.04
2017-10-15 16:15:50, Starting up.
2017-10-15 16:15:50, Cup, 9.0, max cocktail volume, 4.05, percent cocktail, 45.0%, percent ice, 55.0%
2017-10-15 16:16:50, Scorpion,0.00,0.93,0.00,0.00,0.69,0.00,1.39,0.00,0.00,0.00,0.69,0.35
2017-10-15 16:26:45, Starting up.
2017-10-15 16:26:55, Cup, 9.0, max cocktail volume, 4.05, percent cocktail, 45.0%, percent ice, 55.0%
2017-10-15 16:31:24, Starting up.
2017-10-15 16:31:26, Cup, 9.0, max cocktail volume, 4.05, percent cocktail, 45.0%, percent ice, 55.0%
2017-10-15 16:40:23, Chief Lapu Lapu,0.61,0.61,0.00,0.00,0.81,0.00,1.21,0.40,0.40,0.00,0.00,0.00
2017-10-15 16:42:23, Mai Tai,0.90,0.00,0.90,0.45,0.00,0.00,0.45,0.22,0.00,0.90,0.00,0.22
2017-10-15 16:44:58, Trader Vic Grog,1.59,0.00,0.00,0.00,0.79,0.00,0.00,0.00,0.79,0.00,0.79,0.00
2017-10-15 16:46:09, Mai Tai,0.90,0.00,0.90,0.45,0.00,0.00,0.45,0.22,0.00,0.90,0.00,0.22
2017-10-15 16:47:16, Mai Tai,0.90,0.00,0.90,0.45,0.00,0.00,0.45,0.22,0.00,0.90,0.00,0.22
2017-10-15 16:48:56, Cool Coconut,0.00,0.00,0.00,0.00,0.00,1.62,0.81,0.00,1.62,0.00,0.00,0.00
2017-10-15 16:50:16, Scorpion,0.00,0.93,0.00,0.00,0.69,0.00,1.39,0.00,0.00,0.00,0.69,0.35
2017-10-15 16:54:56, Trader Vic Grog,1.59,0.00,0.00,0.00,0.79,0.00,0.00,0.00,0.79,0.00,0.79,0.00
2017-10-15 16:56:55, Pieces of Eight,0.00,1.21,0.00,0.00,1.21,0.00,0.00,0.00,1.21,0.40,0.00,0.00
2017-10-15 16:58:43, Mai Tai,0.90,0.00,0.90,0.45,0.00,0.00,0.45,0.22,0.00,0.90,0.00,0.22
2017-10-15 17:00:18, Mai Tai,0.90,0.00,0.90,0.45,0.00,0.00,0.45,0.22,0.00,0.90,0.00,0.22
2017-10-15 17:01:43, Trader Vic Grog,1.59,0.00,0.00,0.00,0.79,0.00,0.00,0.00,0.79,0.00,0.79,0.00
2017-10-15 17:03:06, Mai Tai,0.90,0.00,0.90,0.45,0.00,0.00,0.45,0.22,0.00,0.90,0.00,0.22
2017-10-15 17:04:56, Pina Co-nada,0.00,0.00,0.00,0.00,0.00,1.51,0.75,0.00,0.00,0.28,1.51,0.00
2017-10-15 17:06:21, Trader Vic Grog,1.59,0.00,0.00,0.00,0.79,0.00,0.00,0.00,0.79,0.00,0.79,0.00
2017-10-15 17:08:43, Pina Co-nada,0.00,0.00,0.00,0.00,0.00,1.51,0.75,0.00,0.00,0.28,1.51,0.00
2017-10-15 17:10:57, Trader Vic Grog,1.59,0.00,0.00,0.00,0.79,0.00,0.00,0.00,0.79,0.00,0.79,0.00
2017-10-15 17:12:17, Trader Vic Grog,1.59,0.00,0.00,0.00,0.79,0.00,0.00,0.00,0.79,0.00,0.79,0.00
2017-10-15 17:14:51, Trader Vic Grog,1.59,0.00,0.00,0.00,0.79,0.00,0.00,0.00,0.79,0.00,0.79,0.00
2017-10-15 17:18:36, Mai Tai,0.90,0.00,0.90,0.45,0.00,0.00,0.45,0.22,0.00,0.90,0.00,0.22
2017-10-15 17:22:11, Trader Vic Grog,1.59,0.00,0.00,0.00,0.79,0.00,0.00,0.00,0.79,0.00,0.79,0.00
2017-10-15 17:24:08, Hurricane,2.02,0.00,0.00,0.00,1.01,0.00,0.00,0.00,1.01,0.00,0.00,0.00
2017-10-15 17:25:29, Pina Co-nada,0.00,0.00,0.00,0.00,0.00,1.51,0.75,0.00,0.00,0.28,1.51,0.00
2017-10-15 17:39:14, Cool Coconut,0.00,0.00,0.00,0.00,0.00,1.62,0.81,0.00,1.62,0.00,0.00,0.00
2017-10-15 17:44:38, Passionfruit Wellness,0.00,0.00,0.00,0.00,0.00,1.62,0.00,0.00,1.62,0.81,0.00,0.00
2017-10-15 17:54:08, Mai Tai,0.90,0.00,0.90,0.45,0.00,0.00,0.45,0.22,0.00,0.90,0.00,0.22
2017-10-15 17:56:01, Hurricane,2.02,0.00,0.00,0.00,1.01,0.00,0.00,0.00,1.01,0.00,0.00,0.00
2017-10-15 18:01:09, Pina Colada,0.00,1.01,0.00,0.00,0.00,2.36,0.00,0.00,0.00,0.00,0.67,0.00
2017-10-15 18:03:56, Pina Colada,0.00,1.01,0.00,0.00,0.00,2.36,0.00,0.00,0.00,0.00,0.67,0.00
2017-10-15 18:07:55, Pina Colada,0.00,1.01,0.00,0.00,0.00,2.36,0.00,0.00,0.00,0.00,0.67,0.00
2017-10-15 18:11:35, Passionfruit Wellness,0.00,0.00,0.00,0.00,0.00,1.62,0.00,0.00,1.62,0.81,0.00,0.00
2017-10-15 18:15:33, Chief Lapu Lapu,0.61,0.61,0.00,0.00,0.81,0.00,1.21,0.40,0.40,0.00,0.00,0.00
2017-10-15 18:18:33, Trader Vic Grog,1.59,0.00,0.00,0.00,0.79,0.00,0.00,0.00,0.79,0.00,0.79,0.00
2017-10-15 18:19:52, Mai Tai,0.90,0.00,0.90,0.45,0.00,0.00,0.45,0.22,0.00,0.90,0.00,0.22
2017-10-15 18:21:30, Mai Tai,0.90,0.00,0.90,0.45,0.00,0.00,0.45,0.22,0.00,0.90,0.00,0.22
2017-10-15 18:22:36, Mai Tai,0.90,0.00,0.90,0.45,0.00,0.00,0.45,0.22,0.00,0.90,0.00,0.22
2017-10-15 18:42:10, Pina Colada,0.00,1.01,0.00,0.00,0.00,2.36,0.00,0.00,0.00,0.00,0.67,0.00
2017-10-15 18:45:39, Pieces of Eight,0.00,1.21,0.00,0.00,1.21,0.00,0.00,0.00,1.21,0.40,0.00,0.00
2017-10-15 18:48:22, Citrus Sunset,0.00,0.00,0.00,0.00,0.51,2.53,0.51,0.00,0.51,0.00,0.00,0.00
2017-10-15 19:23:48, Mai Tai,0.90,0.00,0.90,0.45,0.00,0.00,0.45,0.22,0.00,0.90,0.00,0.22
2017-10-15 19:27:19, Citrus Sunset,0.00,0.00,0.00,0.00,0.51,2.53,0.51,0.00,0.51,0.00,0.00,0.00
2017-10-15 19:50:04, Chief Lapu Lapu,0.61,0.61,0.00,0.00,0.81,0.00,1.21,0.40,0.40,0.00,0.00,0.00
2017-10-15 19:56:39, Outrigger,0.00,0.00,2.02,1.01,1.01,0.00,0.00,0.00,0.00,0.00,0.00,0.00
2017-10-15 19:59:30, Mai Tai,0.90,0.00,0.90,0.45,0.00,0.00,0.45,0.22,0.00,0.90,0.00,0.22
2017-10-15 20:03:11, Scorpion,0.00,0.93,0.00,0.00,0.69,0.00,1.39,0.00,0.00,0.00,0.69,0.35
2017-10-15 20:05:11, Trader Vic Grog,1.59,0.00,0.00,0.00,0.79,0.00,0.00,0.00,0.79,0.00,0.79,0.00
2017-10-15 20:06:52, Pieces of Eight,0.00,1.21,0.00,0.00,1.21,0.00,0.00,0.00,1.21,0.40,0.00,0.00
2017-10-15 20:09:58, Chief Lapu Lapu,0.61,0.61,0.00,0.00,0.81,0.00,1.21,0.40,0.40,0.00,0.00,0.00
2017-10-15 20:12:24, Mai Tai,0.90,0.00,0.90,0.45,0.00,0.00,0.45,0.22,0.00,0.90,0.00,0.22
2017-10-15 20:17:02, Starting up.
2017-10-15 20:17:04, Cup, 9.0, max cocktail volume, 4.05, percent cocktail, 45.0%, percent ice, 55.0%
2017-10-15 20:18:27, Mai Tai,0.90,0.00,0.90,0.45,0.00,0.00,0.45,0.22,0.00,0.90,0.00,0.22
2017-10-15 20:20:55, Mai Tai,0.90,0.00,0.90,0.45,0.00,0.00,0.45,0.22,0.00,0.90,0.00,0.22
2017-10-15 20:23:43, Scorpion,0.00,0.93,0.00,0.00,0.69,0.00,1.39,0.00,0.00,0.00,0.69,0.35
2017-10-15 20:31:53, Mai Tai,0.90,0.00,0.90,0.45,0.00,0.00,0.45,0.22,0.00,0.90,0.00,0.22
2017-10-15 20:33:17, Scorpion,0.00,0.93,0.00,0.00,0.69,0.00,1.39,0.00,0.00,0.00,0.69,0.35
2017-10-15 20:40:26, Mai Tai,0.90,0.00,0.90,0.45,0.00,0.00,0.45,0.22,0.00,0.90,0.00,0.22
2017-10-15 21:02:35, Starting up.
2017-10-15 21:02:36, Cup, 9.0, max cocktail volume, 4.05, percent cocktail, 45.0%, percent ice, 55.0%
2017-10-15 22:30:58, Starting up.
2017-10-15 22:31:10, Cup, 1.0, max cocktail volume, 0.45, percent cocktail, 45.0%, percent ice, 55.0%
2017-10-15 22:31:33, Starting up.
2017-10-15 22:31:37, Cup, 1.0, max cocktail volume, 0.45, percent cocktail, 45.0%, percent ice, 55.0%
2017-10-15 22:33:31, Passionfruit Wellness,0.00,0.00,0.00,0.00,0.00,0.18,0.00,0.00,0.18,0.09,0.00,0.00
2017-10-15 22:34:52, Passionfruit Wellness,0.00,0.00,0.00,0.00,0.00,0.18,0.00,0.00,0.18,0.09,0.00,0.00
2017-10-15 22:35:44, Moonlight,0.00,0.00,0.00,0.00,0.00,0.00,0.00,0.15,0.00,0.07,0.22,0.00
2017-10-15 22:45:43, Starting up.
2017-10-15 22:45:44, Cup, 9.0, max cocktail volume, 4.05, percent cocktail, 45.0%, percent ice, 55.0%
2017-10-15 22:53:56, Pina Co-nada,0.00,0.00,0.00,0.00,0.00,1.51,0.75,0.00,0.00,0.28,1.51,0.00
2017-10-15 22:55:13, Pina Co-nada,0.00,0.00,0.00,0.00,0.00,1.51,0.75,0.00,0.00,0.28,1.51,0.00
2017-10-15 22:56:48, Pina Co-nada,0.00,0.00,0.00,0.00,0.00,1.51,0.75,0.00,0.00,0.28,1.51,0.00
2017-10-15 22:57:54, Pina Co-nada,0.00,0.00,0.00,0.00,0.00,1.51,0.75,0.00,0.00,0.28,1.51,0.00
2017-10-15 23:00:00, Moonlight,0.00,0.00,0.00,0.00,0.00,0.00,0.00,1.35,0.00,0.67,2.02,0.00
2017-10-15 23:01:42, Citrus Sunset,0.00,0.00,0.00,0.00,0.51,2.53,0.51,0.00,0.51,0.00,0.00,0.00
2017-10-15 23:03:55, Citrus Sunset,0.00,0.00,0.00,0.00,0.51,2.53,0.51,0.00,0.51,0.00,0.00,0.00
2017-10-15 23:05:23, Moonlight,0.00,0.00,0.00,0.00,0.00,0.00,0.00,1.35,0.00,0.67,2.02,0.00
2017-10-15 23:06:51, Moonlight,0.00,0.00,0.00,0.00,0.00,0.00,0.00,1.35,0.00,0.67,2.02,0.00
2017-10-15 23:08:27, Pina Co-nada,0.00,0.00,0.00,0.00,0.00,1.51,0.75,0.00,0.00,0.28,1.51,0.00
2017-10-15 23:24:30, Pina Co-nada,0.00,0.00,0.00,0.00,0.00,1.51,0.75,0.00,0.00,0.28,1.51,0.00
2017-10-15 23:59:46, Mai Tai,0.90,0.00,0.90,0.45,0.00,0.00,0.45,0.22,0.00,0.90,0.00,0.22
2017-10-16 00:01:02, Trader Vic Grog,1.59,0.00,0.00,0.00,0.79,0.00,0.00,0.00,0.79,0.00,0.79,0.00
2017-10-16 00:03:40, Moonlight,0.00,0.00,0.00,0.00,0.00,0.00,0.00,1.35,0.00,0.67,2.02,0.00
2017-10-16 00:08:37, Pina Colada,0.00,1.01,0.00,0.00,0.00,2.36,0.00,0.00,0.00,0.00,0.67,0.00
2017-10-16 00:10:22, Pina Colada,0.00,1.01,0.00,0.00,0.00,2.36,0.00,0.00,0.00,0.00,0.67,0.00
2017-10-16 00:24:11, Cool Coconut,0.00,0.00,0.00,0.00,0.00,1.62,0.81,0.00,1.62,0.00,0.00,0.00
2017-10-16 00:26:21, Citrus Sunset,0.00,0.00,0.00,0.00,0.51,2.53,0.51,0.00,0.51,0.00,0.00,0.00
2017-10-16 00:28:31, Citrus Sunset,0.00,0.00,0.00,0.00,0.51,2.53,0.51,0.00,0.51,0.00,0.00,0.00
2017-10-16 00:29:56, Moonlight,0.00,0.00,0.00,0.00,0.00,0.00,0.00,1.35,0.00,0.67,2.02,0.00
2017-10-16 00:31:35, Pina Colada,0.00,1.01,0.00,0.00,0.00,2.36,0.00,0.00,0.00,0.00,0.67,0.00
2017-10-16 00:33:16, Citrus Sunset,0.00,0.00,0.00,0.00,0.51,2.53,0.51,0.00,0.51,0.00,0.00,0.00
2017-10-16 00:34:25, Pina Co-nada,0.00,0.00,0.00,0.00,0.00,1.51,0.75,0.00,0.00,0.28,1.51,0.00
2017-10-16 00:35:47, Tail-less Scorpion,0.00,0.00,0.00,0.00,0.90,0.00,1.80,0.00,0.00,0.00,0.90,0.45
2017-10-16 00:42:17, Tail-less Scorpion,0.00,0.00,0.00,0.00,0.90,0.00,1.80,0.00,0.00,0.00,0.90,0.45
2017-10-16 00:44:14, Citrus Sunset,0.00,0.00,0.00,0.00,0.51,2.53,0.51,0.00,0.51,0.00,0.00,0.00
2017-10-16 00:56:16, Starting up.
2017-10-16 00:56:17, Cup, 9.0, max cocktail volume, 4.05, percent cocktail, 45.0%, percent ice, 55.0%
2017-10-16 01:13:27, Starting up.
2017-10-16 01:13:27, Cup, 9.0, max cocktail volume, 4.05, percent cocktail, 45.0%, percent ice, 55.0%
2017-10-16 01:15:02, Cool Coconut,0.00,0.00,0.00,0.00,0.00,1.62,0.81,0.00,1.62,0.00,0.00,0.00
2017-10-16 01:23:21, Starting up.
2017-10-16 01:27:22, Cup, 9.0, max cocktail volume, 4.05, percent cocktail, 45.0%, percent ice, 55.0%
2017-10-16 01:30:25, Scorpion,0.00,0.93,0.00,0.00,0.69,0.00,1.39,0.00,0.00,0.00,0.69,0.35
2017-10-16 01:32:02, Hurricane,2.02,0.00,0.00,0.00,1.01,0.00,0.00,0.00,1.01,0.00,0.00,0.00
2017-10-16 01:33:34, Cool Coconut,0.00,0.00,0.00,0.00,0.00,1.62,0.81,0.00,1.62,0.00,0.00,0.00
2017-10-16 01:35:23, Pieces of Eight,0.00,1.21,0.00,0.00,1.21,0.00,0.00,0.00,1.21,0.40,0.00,0.00
2017-10-16 01:37:17, Pina Colada,0.00,1.01,0.00,0.00,0.00,2.36,0.00,0.00,0.00,0.00,0.67,0.00
2017-10-16 01:37:59, Mai Tai,0.90,0.00,0.90,0.45,0.00,0.00,0.45,0.22,0.00,0.90,0.00,0.22
2017-10-16 01:39:08, Pieces of Eight,0.00,1.21,0.00,0.00,1.21,0.00,0.00,0.00,1.21,0.40,0.00,0.00
2017-10-16 01:39:57, Mai Tai,0.90,0.00,0.90,0.45,0.00,0.00,0.45,0.22,0.00,0.90,0.00,0.22
2017-10-16 01:42:24, Outrigger,0.00,0.00,2.02,1.01,1.01,0.00,0.00,0.00,0.00,0.00,0.00,0.00
2017-10-16 01:43:55, Hurricane,2.02,0.00,0.00,0.00,1.01,0.00,0.00,0.00,1.01,0.00,0.00,0.00
2017-10-16 01:45:53, Pina Colada,0.00,1.01,0.00,0.00,0.00,2.36,0.00,0.00,0.00,0.00,0.67,0.00
2017-10-16 01:47:12, Pieces of Eight,0.00,1.21,0.00,0.00,1.21,0.00,0.00,0.00,1.21,0.40,0.00,0.00
2017-10-16 01:48:49, Scorpion,0.00,0.93,0.00,0.00,0.69,0.00,1.39,0.00,0.00,0.00,0.69,0.35
2017-10-16 02:34:01, Pina Colada,0.00,1.01,0.00,0.00,0.00,2.36,0.00,0.00,0.00,0.00,0.67,0.00
2017-10-16 02:35:02, Mai Tai,0.90,0.00,0.90,0.45,0.00,0.00,0.45,0.22,0.00,0.90,0.00,0.22
2017-10-16 02:36:45, Outrigger,0.00,0.00,2.02,1.01,1.01,0.00,0.00,0.00,0.00,0.00,0.00,0.00
2017-10-16 02:38:28, Outrigger,0.00,0.00,2.02,1.01,1.01,0.00,0.00,0.00,0.00,0.00,0.00,0.00
2017-10-16 02:39:17, Mai Tai,0.90,0.00,0.90,0.45,0.00,0.00,0.45,0.22,0.00,0.90,0.00,0.22
2017-10-16 02:40:13, Mai Tai,0.90,0.00,0.90,0.45,0.00,0.00,0.45,0.22,0.00,0.90,0.00,0.22
2017-10-16 02:42:16, Pina Colada,0.00,1.01,0.00,0.00,0.00,2.36,0.00,0.00,0.00,0.00,0.67,0.00
2017-10-16 02:43:10, Mai Tai,0.90,0.00,0.90,0.45,0.00,0.00,0.45,0.22,0.00,0.90,0.00,0.22
2017-10-16 02:44:56, Trader Vic Grog,1.59,0.00,0.00,0.00,0.79,0.00,0.00,0.00,0.79,0.00,0.79,0.00
2017-10-16 03:01:16, Hurricane,2.02,0.00,0.00,0.00,1.01,0.00,0.00,0.00,1.01,0.00,0.00,0.00
2017-10-16 03:07:09, Outrigger,0.00,0.00,2.02,1.01,1.01,0.00,0.00,0.00,0.00,0.00,0.00,0.00
2017-10-16 03:09:04, Cool Coconut,0.00,0.00,0.00,0.00,0.00,1.62,0.81,0.00,1.62,0.00,0.00,0.00
2017-10-16 03:12:36, Mai Tai,0.90,0.00,0.90,0.45,0.00,0.00,0.45,0.22,0.00,0.90,0.00,0.22
2017-10-16 03:24:12, Trader Vic Grog,1.59,0.00,0.00,0.00,0.79,0.00,0.00,0.00,0.79,0.00,0.79,0.00
2017-10-16 03:32:19, Scorpion,0.00,0.93,0.00,0.00,0.69,0.00,1.39,0.00,0.00,0.00,0.69,0.35
2017-10-16 03:33:28, Trader Vic Grog,1.59,0.00,0.00,0.00,0.79,0.00,0.00,0.00,0.79,0.00,0.79,0.00
2017-10-16 03:34:40, Mai Tai,0.90,0.00,0.90,0.45,0.00,0.00,0.45,0.22,0.00,0.90,0.00,0.22
2017-10-16 03:36:22, Trader Vic Grog,1.59,0.00,0.00,0.00,0.79,0.00,0.00,0.00,0.79,0.00,0.79,0.00
2017-10-16 03:38:28, Pina Colada,0.00,1.01,0.00,0.00,0.00,2.36,0.00,0.00,0.00,0.00,0.67,0.00
2017-10-16 03:40:13, Cool Coconut,0.00,0.00,0.00,0.00,0.00,1.62,0.81,0.00,1.62,0.00,0.00,0.00
2017-10-16 03:54:21, Mai Tai,0.90,0.00,0.90,0.45,0.00,0.00,0.45,0.22,0.00,0.90,0.00,0.22
2017-10-16 03:56:07, Scorpion,0.00,0.93,0.00,0.00,0.69,0.00,1.39,0.00,0.00,0.00,0.69,0.35
2017-10-16 03:57:36, Mai Tai,0.90,0.00,0.90,0.45,0.00,0.00,0.45,0.22,0.00,0.90,0.00,0.22
2017-10-16 03:59:03, Outrigger,0.00,0.00,2.02,1.01,1.01,0.00,0.00,0.00,0.00,0.00,0.00,0.00
2017-10-16 04:15:48, Trader Vic Grog,1.59,0.00,0.00,0.00,0.79,0.00,0.00,0.00,0.79,0.00,0.79,0.00
2017-10-16 04:47:55, Cool Coconut,0.00,0.00,0.00,0.00,0.00,1.62,0.81,0.00,1.62,0.00,0.00,0.00
2017-10-16 04:52:00, Moonlight,0.00,0.00,0.00,0.00,0.00,0.00,0.00,1.35,0.00,0.67,2.02,0.00
2017-10-16 04:53:48, Pina Co-nada,0.00,0.00,0.00,0.00,0.00,1.51,0.75,0.00,0.00,0.28,1.51,0.00
2017-10-16 05:21:31, Starting up.
2017-10-16 05:21:32, Cup, 9.0, max cocktail volume, 4.05, percent cocktail, 45.0%, percent ice, 55.0%
2017-10-16 05:22:07, Starting up.
2017-10-16 05:22:08, Cup, 9.0, max cocktail volume, 4.05, percent cocktail, 45.0%, percent ice, 55.0%
2017-10-16 05:23:10, Trader Vic Grog,1.59,0.00,0.00,0.00,0.79,0.00,0.00,0.00,0.79,0.00,0.79,0.00
2017-10-16 05:24:39, Starting up.
2017-10-16 05:24:41, Cup, 9.0, max cocktail volume, 4.05, percent cocktail, 45.0%, percent ice, 55.0%
2017-10-16 05:33:58, Cool Coconut,0.00,0.00,0.00,0.00,0.00,1.62,0.81,0.00,1.62,0.00,0.00,0.00
2017-10-16 05:37:33, Moonlight,0.00,0.00,0.00,0.00,0.00,0.00,0.00,1.35,0.00,0.67,2.02,0.00
2017-10-16 05:41:24, Passionfruit Wellness,0.00,0.00,0.00,0.00,0.00,1.62,0.00,0.00,1.62,0.81,0.00,0.00
2017-10-16 05:43:24, Pina Co-nada,0.00,0.00,0.00,0.00,0.00,1.51,0.75,0.00,0.00,0.28,1.51,0.00
2017-10-16 05:57:57, Citrus Sunset,0.00,0.00,0.00,0.00,0.51,2.53,0.51,0.00,0.51,0.00,0.00,0.00
2017-10-16 06:20:21, Citrus Sunset,0.00,0.00,0.00,0.00,0.51,2.53,0.51,0.00,0.51,0.00,0.00,0.00
2017-10-16 06:39:19, Citrus Sunset,0.00,0.00,0.00,0.00,0.51,2.53,0.51,0.00,0.51,0.00,0.00,0.00
2017-10-16 08:10:40, Tail-less Scorpion,0.00,0.00,0.00,0.00,0.90,0.00,1.80,0.00,0.00,0.00,0.90,0.45
2017-10-16 08:12:41, Cool Coconut,0.00,0.00,0.00,0.00,0.00,1.62,0.81,0.00,1.62,0.00,0.00,0.00
2017-10-16 08:27:27, Citrus Sunset,0.00,0.00,0.00,0.00,0.51,2.53,0.51,0.00,0.51,0.00,0.00,0.00
2017-10-16 08:40:59, Starting up.
2017-10-16 08:41:00, Cup, 9.0, max cocktail volume, 4.05, percent cocktail, 45.0%, percent ice, 55.0%
2017-10-16 08:42:37, Cool Coconut,0.00,0.00,0.00,0.00,0.00,1.62,0.81,0.00,1.62,0.00,0.00,0.00
2017-10-16 08:46:41, Moonlight,0.00,0.00,0.00,0.00,0.00,0.00,0.00,1.35,0.00,0.67,2.02,0.00
2017-10-16 08:48:21, Citrus Sunset,0.00,0.00,0.00,0.00,0.51,2.53,0.51,0.00,0.51,0.00,0.00,0.00
2017-10-16 08:49:39, Tail-less Scorpion,0.00,0.00,0.00,0.00,0.90,0.00,1.80,0.00,0.00,0.00,0.90,0.45
2017-10-16 08:50:52, Pieces of Eight,0.00,1.21,0.00,0.00,1.21,0.00,0.00,0.00,1.21,0.40,0.00,0.00
2017-10-16 08:52:25, Trader Vic Grog,1.59,0.00,0.00,0.00,0.79,0.00,0.00,0.00,0.79,0.00,0.79,0.00
2017-10-16 08:53:46, Passionfruit Wellness,0.00,0.00,0.00,0.00,0.00,1.62,0.00,0.00,1.62,0.81,0.00,0.00
2017-10-16 08:55:35, Cool Coconut,0.00,0.00,0.00,0.00,0.00,1.62,0.81,0.00,1.62,0.00,0.00,0.00
2017-10-16 08:56:50, Cool Coconut,0.00,0.00,0.00,0.00,0.00,1.62,0.81,0.00,1.62,0.00,0.00,0.00
2017-10-16 08:58:12, Cool Coconut,0.00,0.00,0.00,0.00,0.00,1.62,0.81,0.00,1.62,0.00,0.00,0.00
2017-10-16 08:59:52, Citrus Sunset,0.00,0.00,0.00,0.00,0.51,2.53,0.51,0.00,0.51,0.00,0.00,0.00
2017-10-16 09:00:24, Starting up.
2017-10-16 09:00:29, Cup, 1.0, max cocktail volume, 0.45, percent cocktail, 45.0%, percent ice, 55.0%
2017-10-16 09:01:01, Pina Co-nada,0.00,0.00,0.00,0.00,0.00,0.17,0.08,0.00,0.00,0.03,0.17,0.00
2017-10-16 09:01:25, Moonlight,0.00,0.00,0.00,0.00,0.00,0.00,0.00,0.15,0.00,0.07,0.22,0.00
2017-10-16 09:01:59, Citrus Sunset,0.00,0.00,0.00,0.00,0.06,0.28,0.06,0.00,0.06,0.00,0.00,0.00
2017-10-16 09:02:20, Passionfruit Wellness,0.00,0.00,0.00,0.00,0.00,0.18,0.00,0.00,0.18,0.09,0.00,0.00
2017-10-16 09:02:48, Cool Coconut,0.00,0.00,0.00,0.00,0.00,0.18,0.09,0.00,0.18,0.00,0.00,0.00
2017-10-16 09:03:10, Passionfruit Wellness,0.00,0.00,0.00,0.00,0.00,0.18,0.00,0.00,0.18,0.09,0.00,0.00
2017-10-16 09:03:53, Citrus Sunset,0.00,0.00,0.00,0.00,0.06,0.28,0.06,0.00,0.06,0.00,0.00,0.00
2017-10-16 09:04:25, Cool Coconut,0.00,0.00,0.00,0.00,0.00,0.18,0.09,0.00,0.18,0.00,0.00,0.00
2017-10-16 09:04:51, Passionfruit Wellness,0.00,0.00,0.00,0.00,0.00,0.18,0.00,0.00,0.18,0.09,0.00,0.00
2017-10-16 09:05:14, Moonlight,0.00,0.00,0.00,0.00,0.00,0.00,0.00,0.15,0.00,0.07,0.22,0.00
2017-10-16 09:05:42, Moonlight,0.00,0.00,0.00,0.00,0.00,0.00,0.00,0.15,0.00,0.07,0.22,0.00
2017-10-16 09:06:04, Pina Co-nada,0.00,0.00,0.00,0.00,0.00,0.17,0.08,0.00,0.00,0.03,0.17,0.00
2017-10-16 09:06:52, Tail-less Scorpion,0.00,0.00,0.00,0.00,0.10,0.00,0.20,0.00,0.00,0.00,0.10,0.05
2017-10-16 09:07:23, Citrus Sunset,0.00,0.00,0.00,0.00,0.06,0.28,0.06,0.00,0.06,0.00,0.00,0.00
2017-10-16 09:07:55, Cool Coconut,0.00,0.00,0.00,0.00,0.00,0.18,0.09,0.00,0.18,0.00,0.00,0.00
2017-10-16 09:08:15, Passionfruit Wellness,0.00,0.00,0.00,0.00,0.00,0.18,0.00,0.00,0.18,0.09,0.00,0.00
2017-10-16 09:09:29, Pieces of Eight,0.00,0.14,0.00,0.00,0.14,0.00,0.00,0.00,0.14,0.04,0.00,0.00
2017-10-16 09:12:04, Starting up.
2017-10-16 09:12:06, Cup, 9.0, max cocktail volume, 4.05, percent cocktail, 45.0%, percent ice, 55.0%
2017-10-16 09:19:35, Moonlight,0.00,0.00,0.00,0.00,0.00,0.00,0.00,1.35,0.00,0.67,2.02,0.00
2017-10-16 09:21:41, Moonlight,0.00,0.00,0.00,0.00,0.00,0.00,0.00,1.35,0.00,0.67,2.02,0.00
2017-10-16 09:23:14, Moonlight,0.00,0.00,0.00,0.00,0.00,0.00,0.00,1.35,0.00,0.67,2.02,0.00
2017-10-16 09:26:26, Cool Coconut,0.00,0.00,0.00,0.00,0.00,1.62,0.81,0.00,1.62,0.00,0.00,0.00
2017-10-16 09:27:52, Pina Co-nada,0.00,0.00,0.00,0.00,0.00,1.51,0.75,0.00,0.00,0.28,1.51,0.00
2017-10-16 09:35:40, Citrus Sunset,0.00,0.00,0.00,0.00,0.51,2.53,0.51,0.00,0.51,0.00,0.00,0.00
2017-10-16 09:58:52, Moonlight,0.00,0.00,0.00,0.00,0.00,0.00,0.00,1.35,0.00,0.67,2.02,0.00
2017-10-16 10:05:32, Cool Coconut,0.00,0.00,0.00,0.00,0.00,1.62,0.81,0.00,1.62,0.00,0.00,0.00
2017-10-16 10:30:12, Moonlight,0.00,0.00,0.00,0.00,0.00,0.00,0.00,1.35,0.00,0.67,2.02,0.00
2017-10-16 10:32:46, Moonlight,0.00,0.00,0.00,0.00,0.00,0.00,0.00,1.35,0.00,0.67,2.02,0.00
2017-10-16 10:34:04, Pina Co-nada,0.00,0.00,0.00,0.00,0.00,1.51,0.75,0.00,0.00,0.28,1.51,0.00
2017-10-16 10:42:17, Moonlight,0.00,0.00,0.00,0.00,0.00,0.00,0.00,1.35,0.00,0.67,2.02,0.00
2017-10-16 10:44:06, Tail-less Scorpion,0.00,0.00,0.00,0.00,0.90,0.00,1.80,0.00,0.00,0.00,0.90,0.45
2017-10-16 10:46:16, Passionfruit Wellness,0.00,0.00,0.00,0.00,0.00,1.62,0.00,0.00,1.62,0.81,0.00,0.00
2017-10-16 10:47:49, Cool Coconut,0.00,0.00,0.00,0.00,0.00,1.62,0.81,0.00,1.62,0.00,0.00,0.00
2017-10-16 10:49:34, Passionfruit Wellness,0.00,0.00,0.00,0.00,0.00,1.62,0.00,0.00,1.62,0.81,0.00,0.00
2017-10-16 10:52:42, Moonlight,0.00,0.00,0.00,0.00,0.00,0.00,0.00,1.35,0.00,0.67,2.02,0.00
2017-10-16 10:55:23, Pina Co-nada,0.00,0.00,0.00,0.00,0.00,1.51,0.75,0.00,0.00,0.28,1.51,0.00
2017-10-16 10:56:55, Passionfruit Wellness,0.00,0.00,0.00,0.00,0.00,1.62,0.00,0.00,1.62,0.81,0.00,0.00
2017-10-16 11:00:39, Citrus Sunset,0.00,0.00,0.00,0.00,0.51,2.53,0.51,0.00,0.51,0.00,0.00,0.00
2017-10-16 11:07:28, Moonlight,0.00,0.00,0.00,0.00,0.00,0.00,0.00,1.35,0.00,0.67,2.02,0.00
2017-10-16 11:10:03, Moonlight,0.00,0.00,0.00,0.00,0.00,0.00,0.00,1.35,0.00,0.67,2.02,0.00
2017-10-16 11:15:23, Moonlight,0.00,0.00,0.00,0.00,0.00,0.00,0.00,1.35,0.00,0.67,2.02,0.00
2017-10-16 11:20:11, Moonlight,0.00,0.00,0.00,0.00,0.00,0.00,0.00,1.35,0.00,0.67,2.02,0.00
2017-10-16 11:21:49, Tail-less Scorpion,0.00,0.00,0.00,0.00,0.90,0.00,1.80,0.00,0.00,0.00,0.90,0.45
2017-10-16 11:28:11, Moonlight,0.00,0.00,0.00,0.00,0.00,0.00,0.00,1.35,0.00,0.67,2.02,0.00
2017-10-16 11:30:31, Cool Coconut,0.00,0.00,0.00,0.00,0.00,1.62,0.81,0.00,1.62,0.00,0.00,0.00
2017-10-16 11:34:03, Citrus Sunset,0.00,0.00,0.00,0.00,0.51,2.53,0.51,0.00,0.51,0.00,0.00,0.00
2017-10-16 11:39:42, Pina Co-nada,0.00,0.00,0.00,0.00,0.00,1.51,0.75,0.00,0.00,0.28,1.51,0.00
2017-10-16 11:50:24, Pina Co-nada,0.00,0.00,0.00,0.00,0.00,1.51,0.75,0.00,0.00,0.28,1.51,0.00
2017-10-16 11:53:03, Citrus Sunset,0.00,0.00,0.00,0.00,0.51,2.53,0.51,0.00,0.51,0.00,0.00,0.00
2017-10-16 11:56:17, Moonlight,0.00,0.00,0.00,0.00,0.00,0.00,0.00,1.35,0.00,0.67,2.02,0.00
2017-10-16 11:58:36, Pina Co-nada,0.00,0.00,0.00,0.00,0.00,1.51,0.75,0.00,0.00,0.28,1.51,0.00
2017-10-16 12:01:59, Tail-less Scorpion,0.00,0.00,0.00,0.00,0.90,0.00,1.80,0.00,0.00,0.00,0.90,0.45
2017-10-16 12:04:21, Moonlight,0.00,0.00,0.00,0.00,0.00,0.00,0.00,1.35,0.00,0.67,2.02,0.00
2017-10-16 12:08:10, Moonlight,0.00,0.00,0.00,0.00,0.00,0.00,0.00,1.35,0.00,0.67,2.02,0.00
2017-10-16 12:10:35, Pina Co-nada,0.00,0.00,0.00,0.00,0.00,1.51,0.75,0.00,0.00,0.28,1.51,0.00
2017-10-16 12:18:30, Cool Coconut,0.00,0.00,0.00,0.00,0.00,1.62,0.81,0.00,1.62,0.00,0.00,0.00
2017-10-16 12:22:46, Moonlight,0.00,0.00,0.00,0.00,0.00,0.00,0.00,1.35,0.00,0.67,2.02,0.00
2017-10-16 12:24:50, Moonlight,0.00,0.00,0.00,0.00,0.00,0.00,0.00,1.35,0.00,0.67,2.02,0.00
2017-10-16 12:26:35, Pina Co-nada,0.00,0.00,0.00,0.00,0.00,1.51,0.75,0.00,0.00,0.28,1.51,0.00
2017-10-16 12:35:28, Pina Co-nada,0.00,0.00,0.00,0.00,0.00,1.51,0.75,0.00,0.00,0.28,1.51,0.00
2017-10-16 12:41:46, Passionfruit Wellness,0.00,0.00,0.00,0.00,0.00,1.62,0.00,0.00,1.62,0.81,0.00,0.00
2017-10-16 12:44:06, Tail-less Scorpion,0.00,0.00,0.00,0.00,0.90,0.00,1.80,0.00,0.00,0.00,0.90,0.45
2017-10-16 12:47:24, Cool Coconut,0.00,0.00,0.00,0.00,0.00,1.62,0.81,0.00,1.62,0.00,0.00,0.00
2017-10-16 12:49:49, Passionfruit Wellness,0.00,0.00,0.00,0.00,0.00,1.62,0.00,0.00,1.62,0.81,0.00,0.00
2017-10-16 12:52:55, Cool Coconut,0.00,0.00,0.00,0.00,0.00,1.62,0.81,0.00,1.62,0.00,0.00,0.00
2017-10-16 12:54:25, Pina Co-nada,0.00,0.00,0.00,0.00,0.00,1.51,0.75,0.00,0.00,0.28,1.51,0.00
2017-10-16 12:56:33, Moonlight,0.00,0.00,0.00,0.00,0.00,0.00,0.00,1.35,0.00,0.67,2.02,0.00
2017-10-16 13:07:27, Passionfruit Wellness,0.00,0.00,0.00,0.00,0.00,1.62,0.00,0.00,1.62,0.81,0.00,0.00
2017-10-16 13:30:55, Cool Coconut,0.00,0.00,0.00,0.00,0.00,1.62,0.81,0.00,1.62,0.00,0.00,0.00
2017-10-16 13:18:28, Starting up.
2017-10-16 13:18:31, Cup, 1.0, max cocktail volume, 0.45, percent cocktail, 45.0%, percent ice, 55.0%
2018-01-20 17:35:02, Starting up.
2018-01-20 17:35:03, Cup, 9.0, max cocktail volume, 4.05, percent cocktail, 45.0%, percent ice, 55.0%
2018-01-20 17:43:18, Outrigger,0.00,0.00,2.02,1.01,1.01,0.00,0.00,0.00,0.00,0.00,0.00,0.00
2018-01-20 17:44:56, Mai Tai,0.90,0.00,0.90,0.45,0.00,0.00,0.45,0.22,0.00,0.90,0.00,0.22
2018-01-20 17:46:12, Mai Tai,0.90,0.00,0.90,0.45,0.00,0.00,0.45,0.22,0.00,0.90,0.00,0.22
2018-01-20 17:48:17, Pina Colada,0.00,1.01,0.00,0.00,0.00,2.36,0.00,0.00,0.00,0.00,0.67,0.00
2018-01-20 17:53:25, Outrigger,0.00,0.00,2.02,1.01,1.01,0.00,0.00,0.00,0.00,0.00,0.00,0.00
2018-01-20 17:56:02, Mai Tai,0.90,0.00,0.90,0.45,0.00,0.00,0.45,0.22,0.00,0.90,0.00,0.22
2018-01-20 17:58:17, Trader Vic Grog,1.59,0.00,0.00,0.00,0.79,0.00,0.00,0.00,0.79,0.00,0.79,0.00
2018-01-20 18:09:44, Scorpion,0.00,0.93,0.00,0.00,0.69,0.00,1.39,0.00,0.00,0.00,0.69,0.35
2018-01-20 18:11:25, Pina Co-nada,0.00,0.00,0.00,0.00,0.00,1.51,0.75,0.00,0.00,0.28,1.51,0.00
2018-01-20 18:16:12, Mai Tai,0.90,0.00,0.90,0.45,0.00,0.00,0.45,0.22,0.00,0.90,0.00,0.22
2018-01-20 18:18:20, Hurricane,2.02,0.00,0.00,0.00,1.01,0.00,0.00,0.00,1.01,0.00,0.00,0.00
2018-01-20 18:19:21, Mai Tai,0.90,0.00,0.90,0.45,0.00,0.00,0.45,0.22,0.00,0.90,0.00,0.22
2018-01-20 18:23:02, Scorpion,0.00,0.93,0.00,0.00,0.69,0.00,1.39,0.00,0.00,0.00,0.69,0.35
2018-01-20 18:24:00, Mai Tai,0.90,0.00,0.90,0.45,0.00,0.00,0.45,0.22,0.00,0.90,0.00,0.22
2018-01-20 18:26:27, Chief Lapu Lapu,0.61,0.61,0.00,0.00,0.81,0.00,1.21,0.40,0.40,0.00,0.00,0.00
2018-01-20 18:28:14, Chief Lapu Lapu,0.61,0.61,0.00,0.00,0.81,0.00,1.21,0.40,0.40,0.00,0.00,0.00
2018-01-20 18:30:24, Mai Tai,0.90,0.00,0.90,0.45,0.00,0.00,0.45,0.22,0.00,0.90,0.00,0.22
2018-01-20 18:36:42, Mai Tai,0.90,0.00,0.90,0.45,0.00,0.00,0.45,0.22,0.00,0.90,0.00,0.22
2018-01-20 18:41:59, Pieces of Eight,0.00,1.21,0.00,0.00,1.21,0.00,0.00,0.00,1.21,0.40,0.00,0.00
2018-01-20 19:07:36, Pieces of Eight,0.00,1.21,0.00,0.00,1.21,0.00,0.00,0.00,1.21,0.40,0.00,0.00
2018-01-20 19:32:20, Hurricane,2.02,0.00,0.00,0.00,1.01,0.00,0.00,0.00,1.01,0.00,0.00,0.00
2018-01-20 19:34:08, Outrigger,0.00,0.00,2.02,1.01,1.01,0.00,0.00,0.00,0.00,0.00,0.00,0.00
2018-01-20 19:35:59, Mai Tai,0.90,0.00,0.90,0.45,0.00,0.00,0.45,0.22,0.00,0.90,0.00,0.22
2018-01-20 19:37:04, Mai Tai,0.90,0.00,0.90,0.45,0.00,0.00,0.45,0.22,0.00,0.90,0.00,0.22
2018-01-20 19:39:11, Outrigger,0.00,0.00,2.02,1.01,1.01,0.00,0.00,0.00,0.00,0.00,0.00,0.00
2018-01-20 19:40:58, Trader Vic Grog,1.59,0.00,0.00,0.00,0.79,0.00,0.00,0.00,0.79,0.00,0.79,0.00
2018-01-20 19:41:48, Mai Tai,0.90,0.00,0.90,0.45,0.00,0.00,0.45,0.22,0.00,0.90,0.00,0.22
2018-01-20 19:47:28, Citrus Sunset,0.00,0.00,0.00,0.00,0.51,2.53,0.51,0.00,0.51,0.00,0.00,0.00
2018-01-20 19:50:03, Citrus Sunset,0.00,0.00,0.00,0.00,0.51,2.53,0.51,0.00,0.51,0.00,0.00,0.00
2018-01-20 19:53:40, Hurricane,2.02,0.00,0.00,0.00,1.01,0.00,0.00,0.00,1.01,0.00,0.00,0.00
2018-01-20 19:56:52, Outrigger,0.00,0.00,2.02,1.01,1.01,0.00,0.00,0.00,0.00,0.00,0.00,0.00
2018-01-20 20:18:39, Starting up.
2018-01-20 20:18:39, Cup, 9.0, max cocktail volume, 4.05, percent cocktail, 45.0%, percent ice, 55.0%
2018-01-20 20:22:39, Pieces of Eight,0.00,1.21,0.00,0.00,1.21,0.00,0.00,0.00,1.21,0.40,0.00,0.00
2018-01-20 20:24:56, Cool Coconut,0.00,0.00,0.00,0.00,0.00,1.62,0.81,0.00,1.62,0.00,0.00,0.00
2018-01-20 20:26:14, Cool Coconut,0.00,0.00,0.00,0.00,0.00,1.62,0.81,0.00,1.62,0.00,0.00,0.00
2018-01-20 20:32:13, Trader Vic Grog,1.59,0.00,0.00,0.00,0.79,0.00,0.00,0.00,0.79,0.00,0.79,0.00
2018-01-20 20:34:54, Trader Vic Grog,1.59,0.00,0.00,0.00,0.79,0.00,0.00,0.00,0.79,0.00,0.79,0.00
2018-01-20 20:52:40, Pieces of Eight,0.00,1.21,0.00,0.00,1.21,0.00,0.00,0.00,1.21,0.40,0.00,0.00
2018-01-20 20:59:54, Pina Colada,0.00,1.01,0.00,0.00,0.00,2.36,0.00,0.00,0.00,0.00,0.67,0.00
2018-01-20 21:09:21, Mai Tai,0.90,0.00,0.90,0.45,0.00,0.00,0.45,0.22,0.00,0.90,0.00,0.22
2018-01-21 00:21:35, Starting up.
2018-01-21 00:21:37, Cup, 9.0, max cocktail volume, 4.05, percent cocktail, 45.0%, percent ice, 55.0%
2018-01-21 00:26:57, Moonlight,0.00,0.00,0.00,0.00,0.00,0.00,0.00,1.35,0.00,0.67,2.02,0.00
2018-01-21 00:28:49, Moonlight,0.00,0.00,0.00,0.00,0.00,0.00,0.00,1.35,0.00,0.67,2.02,0.00
2018-01-21 00:31:18, Moonlight,0.00,0.00,0.00,0.00,0.00,0.00,0.00,1.35,0.00,0.67,2.02,0.00
2018-01-21 00:34:06, Trader Vic Grog,1.59,0.00,0.00,0.00,0.79,0.00,0.00,0.00,0.79,0.00,0.79,0.00
2018-01-21 00:36:13, Pieces of Eight,0.00,1.21,0.00,0.00,1.21,0.00,0.00,0.00,1.21,0.40,0.00,0.00
2018-01-21 00:39:15, Pina Co-nada,0.00,0.00,0.00,0.00,0.00,1.51,0.75,0.00,0.00,0.28,1.51,0.00
2018-01-21 01:02:59, Starting up.
2018-01-21 01:02:59, Cup, 9.0, max cocktail volume, 4.05, percent cocktail, 45.0%, percent ice, 55.0%
2018-01-21 01:04:02, Trader Vic Grog,1.59,0.00,0.00,0.00,0.79,0.00,0.00,0.00,0.79,0.00,0.79,0.00
2018-01-21 01:06:48, Trader Vic Grog,1.59,0.00,0.00,0.00,0.79,0.00,0.00,0.00,0.79,0.00,0.79,0.00
2018-01-21 01:39:16, Mai Tai,0.90,0.00,0.90,0.45,0.00,0.00,0.45,0.22,0.00,0.90,0.00,0.22
2018-01-21 01:41:35, Outrigger,0.00,0.00,2.02,1.01,1.01,0.00,0.00,0.00,0.00,0.00,0.00,0.00
2018-01-21 01:44:19, Outrigger,0.00,0.00,2.02,1.01,1.01,0.00,0.00,0.00,0.00,0.00,0.00,0.00
2018-01-21 01:46:36, Cool Coconut,0.00,0.00,0.00,0.00,0.00,1.62,0.81,0.00,1.62,0.00,0.00,0.00
2018-01-21 01:51:38, Moonlight,0.00,0.00,0.00,0.00,0.00,0.00,0.00,1.35,0.00,0.67,2.02,0.00
2018-01-21 01:54:59, Moonlight,0.00,0.00,0.00,0.00,0.00,0.00,0.00,1.35,0.00,0.67,2.02,0.00
2018-01-21 01:57:57, Moonlight,0.00,0.00,0.00,0.00,0.00,0.00,0.00,1.35,0.00,0.67,2.02,0.00
2018-01-21 02:03:29, Cool Coconut,0.00,0.00,0.00,0.00,0.00,1.62,0.81,0.00,1.62,0.00,0.00,0.00
2018-01-21 02:06:10, Tail-less Scorpion,0.00,0.00,0.00,0.00,0.90,0.00,1.80,0.00,0.00,0.00,0.90,0.45
2018-01-21 02:10:09, Pieces of Eight,0.00,1.21,0.00,0.00,1.21,0.00,0.00,0.00,1.21,0.40,0.00,0.00
2018-01-21 02:17:47, Hurricane,2.02,0.00,0.00,0.00,1.01,0.00,0.00,0.00,1.01,0.00,0.00,0.00
2018-01-21 02:20:45, Passionfruit Wellness,0.00,0.00,0.00,0.00,0.00,1.62,0.00,0.00,1.62,0.81,0.00,0.00
2018-01-21 02:23:50, Cool Coconut,0.00,0.00,0.00,0.00,0.00,1.62,0.81,0.00,1.62,0.00,0.00,0.00
2018-01-21 02:38:20, Mai Tai,0.90,0.00,0.90,0.45,0.00,0.00,0.45,0.22,0.00,0.90,0.00,0.22
2018-01-21 02:44:04, Cool Coconut,0.00,0.00,0.00,0.00,0.00,1.62,0.81,0.00,1.62,0.00,0.00,0.00
2018-01-21 02:54:59, Outrigger,0.00,0.00,2.02,1.01,1.01,0.00,0.00,0.00,0.00,0.00,0.00,0.00
2018-01-21 05:39:35, Starting up.
2018-01-21 05:39:37, Cup, 9.0, max cocktail volume, 4.05, percent cocktail, 45.0%, percent ice, 55.0%
2018-01-21 05:42:24, Cool Coconut,0.00,0.00,0.00,0.00,0.00,1.62,0.81,0.00,1.62,0.00,0.00,0.00
2018-01-21 05:45:10, Scorpion,0.00,0.93,0.00,0.00,0.69,0.00,1.39,0.00,0.00,0.00,0.69,0.35
2018-01-21 05:46:58, Trader Vic Grog,1.59,0.00,0.00,0.00,0.79,0.00,0.00,0.00,0.79,0.00,0.79,0.00
2018-01-21 06:11:51, Scorpion,0.00,0.93,0.00,0.00,0.69,0.00,1.39,0.00,0.00,0.00,0.69,0.35
2018-01-21 06:15:20, Pina Colada,0.00,1.01,0.00,0.00,0.00,2.36,0.00,0.00,0.00,0.00,0.67,0.00
2018-01-21 06:17:57, Pina Colada,0.00,1.01,0.00,0.00,0.00,2.36,0.00,0.00,0.00,0.00,0.67,0.00
2018-01-21 06:22:34, Cool Coconut,0.00,0.00,0.00,0.00,0.00,1.62,0.81,0.00,1.62,0.00,0.00,0.00
2018-01-21 06:25:35, Trader Vic Grog,1.59,0.00,0.00,0.00,0.79,0.00,0.00,0.00,0.79,0.00,0.79,0.00
2018-01-21 06:27:14, Pina Co-nada,0.00,0.00,0.00,0.00,0.00,1.51,0.75,0.00,0.00,0.28,1.51,0.00
2018-01-21 06:29:44, Pina Colada,0.00,1.01,0.00,0.00,0.00,2.36,0.00,0.00,0.00,0.00,0.67,0.00
2018-01-21 06:31:16, Trader Vic Grog,1.59,0.00,0.00,0.00,0.79,0.00,0.00,0.00,0.79,0.00,0.79,0.00
2018-01-21 06:33:12, Scorpion,0.00,0.93,0.00,0.00,0.69,0.00,1.39,0.00,0.00,0.00,0.69,0.35
2018-01-21 06:36:13, Pina Co-nada,0.00,0.00,0.00,0.00,0.00,1.51,0.75,0.00,0.00,0.28,1.51,0.00
2018-01-21 06:37:33, Cool Coconut,0.00,0.00,0.00,0.00,0.00,1.62,0.81,0.00,1.62,0.00,0.00,0.00
2018-01-21 06:40:33, Pina Co-nada,0.00,0.00,0.00,0.00,0.00,1.51,0.75,0.00,0.00,0.28,1.51,0.00
2018-01-21 06:41:32, Mai Tai,0.90,0.00,0.90,0.45,0.00,0.00,0.45,0.22,0.00,0.90,0.00,0.22
2018-01-21 06:42:41, Scorpion,0.00,0.93,0.00,0.00,0.69,0.00,1.39,0.00,0.00,0.00,0.69,0.35
2018-01-21 06:44:17, Trader Vic Grog,1.59,0.00,0.00,0.00,0.79,0.00,0.00,0.00,0.79,0.00,0.79,0.00
2018-01-21 06:45:43, Trader Vic Grog,1.59,0.00,0.00,0.00,0.79,0.00,0.00,0.00,0.79,0.00,0.79,0.00
2018-01-21 06:48:24, Mai Tai,0.90,0.00,0.90,0.45,0.00,0.00,0.45,0.22,0.00,0.90,0.00,0.22
2018-01-21 06:49:16, Mai Tai,0.90,0.00,0.90,0.45,0.00,0.00,0.45,0.22,0.00,0.90,0.00,0.22
2018-01-21 06:53:03, Trader Vic Grog,1.59,0.00,0.00,0.00,0.79,0.00,0.00,0.00,0.79,0.00,0.79,0.00
2018-01-21 06:54:48, Pina Co-nada,0.00,0.00,0.00,0.00,0.00,1.51,0.75,0.00,0.00,0.28,1.51,0.00
2018-01-21 06:56:39, Pieces of Eight,0.00,1.21,0.00,0.00,1.21,0.00,0.00,0.00,1.21,0.40,0.00,0.00
2018-01-21 07:00:29, Pina Co-nada,0.00,0.00,0.00,0.00,0.00,1.51,0.75,0.00,0.00,0.28,1.51,0.00
2018-01-21 07:03:00, Outrigger,0.00,0.00,2.02,1.01,1.01,0.00,0.00,0.00,0.00,0.00,0.00,0.00
2018-01-21 07:04:49, Outrigger,0.00,0.00,2.02,1.01,1.01,0.00,0.00,0.00,0.00,0.00,0.00,0.00
2018-01-21 07:09:20, Citrus Sunset,0.00,0.00,0.00,0.00,0.51,2.53,0.51,0.00,0.51,0.00,0.00,0.00
2018-01-21 07:11:42, Moonlight,0.00,0.00,0.00,0.00,0.00,0.00,0.00,1.35,0.00,0.67,2.02,0.00
2018-01-21 07:14:03, Mai Tai,0.90,0.00,0.90,0.45,0.00,0.00,0.45,0.22,0.00,0.90,0.00,0.22
2018-01-21 07:15:57, Pieces of Eight,0.00,1.21,0.00,0.00,1.21,0.00,0.00,0.00,1.21,0.40,0.00,0.00
2018-01-21 07:17:43, Cool Coconut,0.00,0.00,0.00,0.00,0.00,1.62,0.81,0.00,1.62,0.00,0.00,0.00
2018-01-21 07:19:07, Mai Tai,0.90,0.00,0.90,0.45,0.00,0.00,0.45,0.22,0.00,0.90,0.00,0.22
2018-01-21 07:20:07, Scorpion,0.00,0.93,0.00,0.00,0.69,0.00,1.39,0.00,0.00,0.00,0.69,0.35
2018-01-21 07:22:49, Passionfruit Wellness,0.00,0.00,0.00,0.00,0.00,1.62,0.00,0.00,1.62,0.81,0.00,0.00
2018-01-21 07:24:52, Hurricane,2.02,0.00,0.00,0.00,1.01,0.00,0.00,0.00,1.01,0.00,0.00,0.00
2018-01-21 07:27:18, Cool Coconut,0.00,0.00,0.00,0.00,0.00,1.62,0.81,0.00,1.62,0.00,0.00,0.00
2018-01-21 07:29:13, Pina Colada,0.00,1.01,0.00,0.00,0.00,2.36,0.00,0.00,0.00,0.00,0.67,0.00
2018-01-21 07:31:13, Moonlight,0.00,0.00,0.00,0.00,0.00,0.00,0.00,1.35,0.00,0.67,2.02,0.00
2018-01-21 07:33:39, Starting up.
2018-01-21 07:33:40, Cup, 9.0, max cocktail volume, 4.05, percent cocktail, 45.0%, percent ice, 55.0%
2018-01-21 07:34:43, Pieces of Eight,0.00,1.21,0.00,0.00,1.21,0.00,0.00,0.00,1.21,0.40,0.00,0.00
2018-01-21 07:36:22, Trader Vic Grog,1.59,0.00,0.00,0.00,0.79,0.00,0.00,0.00,0.79,0.00,0.79,0.00
2018-01-21 07:38:25, Pieces of Eight,0.00,1.21,0.00,0.00,1.21,0.00,0.00,0.00,1.21,0.40,0.00,0.00
2018-01-21 07:41:37, Pieces of Eight,0.00,1.21,0.00,0.00,1.21,0.00,0.00,0.00,1.21,0.40,0.00,0.00
2018-01-21 07:43:17, Trader Vic Grog,1.59,0.00,0.00,0.00,0.79,0.00,0.00,0.00,0.79,0.00,0.79,0.00
2018-01-21 07:47:53, Citrus Sunset,0.00,0.00,0.00,0.00,0.51,2.53,0.51,0.00,0.51,0.00,0.00,0.00
2018-01-21 07:49:30, Trader Vic Grog,1.59,0.00,0.00,0.00,0.79,0.00,0.00,0.00,0.79,0.00,0.79,0.00
2018-01-21 07:53:17, Pina Colada,0.00,1.01,0.00,0.00,0.00,2.36,0.00,0.00,0.00,0.00,0.67,0.00
2018-01-21 07:54:27, Mai Tai,0.90,0.00,0.90,0.45,0.00,0.00,0.45,0.22,0.00,0.90,0.00,0.22
2018-01-21 07:59:25, Tail-less Scorpion,0.00,0.00,0.00,0.00,0.90,0.00,1.80,0.00,0.00,0.00,0.90,0.45
2018-01-21 08:00:44, Trader Vic Grog,1.59,0.00,0.00,0.00,0.79,0.00,0.00,0.00,0.79,0.00,0.79,0.00
2018-01-21 08:04:26, Scorpion,0.00,0.93,0.00,0.00,0.69,0.00,1.39,0.00,0.00,0.00,0.69,0.35
2018-01-21 08:07:40, Hurricane,2.02,0.00,0.00,0.00,1.01,0.00,0.00,0.00,1.01,0.00,0.00,0.00
2018-01-21 08:10:18, Hurricane,2.02,0.00,0.00,0.00,1.01,0.00,0.00,0.00,1.01,0.00,0.00,0.00
2018-01-21 08:12:49, Tail-less Scorpion,0.00,0.00,0.00,0.00,0.90,0.00,1.80,0.00,0.00,0.00,0.90,0.45
2018-01-21 08:15:26, Mai Tai,0.90,0.00,0.90,0.45,0.00,0.00,0.45,0.22,0.00,0.90,0.00,0.22
2018-01-21 08:17:09, Mai Tai,0.90,0.00,0.90,0.45,0.00,0.00,0.45,0.22,0.00,0.90,0.00,0.22
2018-01-21 08:19:47, Mai Tai,0.90,0.00,0.90,0.45,0.00,0.00,0.45,0.22,0.00,0.90,0.00,0.22
2018-01-21 08:20:55, Mai Tai,0.90,0.00,0.90,0.45,0.00,0.00,0.45,0.22,0.00,0.90,0.00,0.22
2018-01-21 08:23:09, Chief Lapu Lapu,0.61,0.61,0.00,0.00,0.81,0.00,1.21,0.40,0.40,0.00,0.00,0.00
2018-01-21 08:25:42, Chief Lapu Lapu,0.61,0.61,0.00,0.00,0.81,0.00,1.21,0.40,0.40,0.00,0.00,0.00
2018-01-21 08:30:36, Scorpion,0.00,0.93,0.00,0.00,0.69,0.00,1.39,0.00,0.00,0.00,0.69,0.35
2018-01-21 08:32:20, Outrigger,0.00,0.00,2.02,1.01,1.01,0.00,0.00,0.00,0.00,0.00,0.00,0.00
2018-01-21 08:34:46, Mai Tai,0.90,0.00,0.90,0.45,0.00,0.00,0.45,0.22,0.00,0.90,0.00,0.22
2018-01-21 08:39:20, Chief Lapu Lapu,0.61,0.61,0.00,0.00,0.81,0.00,1.21,0.40,0.40,0.00,0.00,0.00
2018-01-21 08:44:23, Mai Tai,0.90,0.00,0.90,0.45,0.00,0.00,0.45,0.22,0.00,0.90,0.00,0.22
2018-01-21 08:47:05, Trader Vic Grog,1.59,0.00,0.00,0.00,0.79,0.00,0.00,0.00,0.79,0.00,0.79,0.00
2018-01-21 08:51:22, Outrigger,0.00,0.00,2.02,1.01,1.01,0.00,0.00,0.00,0.00,0.00,0.00,0.00
2018-01-21 08:53:29, Trader Vic Grog,1.59,0.00,0.00,0.00,0.79,0.00,0.00,0.00,0.79,0.00,0.79,0.00
2018-01-21 08:55:11, Tail-less Scorpion,0.00,0.00,0.00,0.00,0.90,0.00,1.80,0.00,0.00,0.00,0.90,0.45
2018-01-21 08:56:17, Mai Tai,0.90,0.00,0.90,0.45,0.00,0.00,0.45,0.22,0.00,0.90,0.00,0.22
2018-01-21 08:57:46, Trader Vic Grog,1.59,0.00,0.00,0.00,0.79,0.00,0.00,0.00,0.79,0.00,0.79,0.00
2018-01-21 09:00:13, Outrigger,0.00,0.00,2.02,1.01,1.01,0.00,0.00,0.00,0.00,0.00,0.00,0.00
2018-01-21 09:02:14, Mai Tai,0.90,0.00,0.90,0.45,0.00,0.00,0.45,0.22,0.00,0.90,0.00,0.22
2018-01-21 09:06:11, Scorpion,0.00,0.93,0.00,0.00,0.69,0.00,1.39,0.00,0.00,0.00,0.69,0.35
2018-01-21 09:10:24, Scorpion,0.00,0.93,0.00,0.00,0.69,0.00,1.39,0.00,0.00,0.00,0.69,0.35
2018-01-21 09:11:59, Mai Tai,0.90,0.00,0.90,0.45,0.00,0.00,0.45,0.22,0.00,0.90,0.00,0.22
2018-01-21 09:13:03, Mai Tai,0.90,0.00,0.90,0.45,0.00,0.00,0.45,0.22,0.00,0.90,0.00,0.22
2018-01-21 09:18:09, Trader Vic Grog,1.59,0.00,0.00,0.00,0.79,0.00,0.00,0.00,0.79,0.00,0.79,0.00
2018-01-21 09:19:44, Trader Vic Grog,1.59,0.00,0.00,0.00,0.79,0.00,0.00,0.00,0.79,0.00,0.79,0.00
2018-01-21 09:21:44, Scorpion,0.00,0.93,0.00,0.00,0.69,0.00,1.39,0.00,0.00,0.00,0.69,0.35
2018-01-21 09:23:29, Pieces of Eight,0.00,1.21,0.00,0.00,1.21,0.00,0.00,0.00,1.21,0.40,0.00,0.00
2018-01-21 09:25:18, Pieces of Eight,0.00,1.21,0.00,0.00,1.21,0.00,0.00,0.00,1.21,0.40,0.00,0.00
2018-01-21 09:28:54, Outrigger,0.00,0.00,2.02,1.01,1.01,0.00,0.00,0.00,0.00,0.00,0.00,0.00
2018-01-21 09:30:46, Outrigger,0.00,0.00,2.02,1.01,1.01,0.00,0.00,0.00,0.00,0.00,0.00,0.00
2018-01-21 09:42:11, Outrigger,0.00,0.00,2.02,1.01,1.01,0.00,0.00,0.00,0.00,0.00,0.00,0.00
2018-01-21 10:37:20, Starting up.
2018-01-21 10:37:26, Cup, 2.0, max cocktail volume, 0.9, percent cocktail, 45.0%, percent ice, 55.0%
2018-01-21 10:40:47, Scorpion,0.00,0.21,0.00,0.00,0.15,0.00,0.31,0.00,0.00,0.00,0.15,0.08
2018-01-21 11:46:27, Mai Tai,0.20,0.00,0.20,0.10,0.00,0.00,0.10,0.05,0.00,0.20,0.00,0.05
2018-01-21 12:12:45, Starting up.
2018-01-21 12:12:50, Cup, 9.0, max cocktail volume, 4.05, percent cocktail, 45.0%, percent ice, 55.0%
2018-01-21 12:24:23, Pina Colada,0.00,1.01,0.00,0.00,0.00,2.36,0.00,0.00,0.00,0.00,0.67,0.00
2018-01-21 12:41:08, Starting up.
2018-01-21 12:41:12, Cup, 2.0, max cocktail volume, 0.9, percent cocktail, 45.0%, percent ice, 55.0%
2018-01-21 12:41:38, Mai Tai,0.20,0.00,0.20,0.10,0.00,0.00,0.10,0.05,0.00,0.20,0.00,0.05
2018-01-21 12:50:17, Mai Tai,0.20,0.00,0.20,0.10,0.00,0.00,0.10,0.05,0.00,0.20,0.00,0.05
2018-01-21 12:52:01, Citrus Sunset,0.00,0.00,0.00,0.00,0.11,0.56,0.11,0.00,0.11,0.00,0.00,0.00
2018-01-21 12:58:44, Mai Tai,0.20,0.00,0.20,0.10,0.00,0.00,0.10,0.05,0.00,0.20,0.00,0.05
2018-01-21 13:06:36, Outrigger,0.00,0.00,0.45,0.22,0.22,0.00,0.00,0.00,0.00,0.00,0.00,0.00
2018-01-21 13:36:17, Mai Tai,0.20,0.00,0.20,0.10,0.00,0.00,0.10,0.05,0.00,0.20,0.00,0.05
2018-01-21 14:17:41, Outrigger,0.00,0.00,0.45,0.22,0.22,0.00,0.00,0.00,0.00,0.00,0.00,0.00
2018-01-21 14:41:40, Starting up.
2018-01-21 14:41:40, Cup, 9.0, max cocktail volume, 4.05, percent cocktail, 45.0%, percent ice, 55.0%
2018-01-21 15:01:36, Mai Tai,0.90,0.00,0.90,0.45,0.00,0.00,0.45,0.22,0.00,0.90,0.00,0.22
2018-01-21 15:04:52, Trader Vic Grog,1.59,0.00,0.00,0.00,0.79,0.00,0.00,0.00,0.79,0.00,0.79,0.00
2018-01-21 15:06:50, Trader Vic Grog,1.59,0.00,0.00,0.00,0.79,0.00,0.00,0.00,0.79,0.00,0.79,0.00
2018-01-21 15:25:50, Mai Tai,0.90,0.00,0.90,0.45,0.00,0.00,0.45,0.22,0.00,0.90,0.00,0.22
2018-01-21 15:28:31, Outrigger,0.00,0.00,2.02,1.01,1.01,0.00,0.00,0.00,0.00,0.00,0.00,0.00
2018-01-21 15:51:14, Citrus Sunset,0.00,0.00,0.00,0.00,0.51,2.53,0.51,0.00,0.51,0.00,0.00,0.00
2018-01-21 15:55:41, Mai Tai,0.90,0.00,0.90,0.45,0.00,0.00,0.45,0.22,0.00,0.90,0.00,0.22
2018-01-21 15:58:24, Outrigger,0.00,0.00,2.02,1.01,1.01,0.00,0.00,0.00,0.00,0.00,0.00,0.00
2018-01-21 16:00:49, Pina Co-nada,0.00,0.00,0.00,0.00,0.00,1.51,0.75,0.00,0.00,0.28,1.51,0.00
2018-01-21 16:20:10, Outrigger,0.00,0.00,2.02,1.01,1.01,0.00,0.00,0.00,0.00,0.00,0.00,0.00
2018-01-21 16:23:04, Hurricane,2.02,0.00,0.00,0.00,1.01,0.00,0.00,0.00,1.01,0.00,0.00,0.00
2018-01-21 16:25:09, Pieces of Eight,0.00,1.21,0.00,0.00,1.21,0.00,0.00,0.00,1.21,0.40,0.00,0.00
2018-01-21 16:28:32, Moonlight,0.00,0.00,0.00,0.00,0.00,0.00,0.00,1.35,0.00,0.67,2.02,0.00
2018-01-21 16:31:37, Trader Vic Grog,1.59,0.00,0.00,0.00,0.79,0.00,0.00,0.00,0.79,0.00,0.79,0.00
2018-01-21 16:33:31, Scorpion,0.00,0.93,0.00,0.00,0.69,0.00,1.39,0.00,0.00,0.00,0.69,0.35
2018-01-21 16:35:35, Scorpion,0.00,0.93,0.00,0.00,0.69,0.00,1.39,0.00,0.00,0.00,0.69,0.35
2018-01-21 16:38:37, Moonlight,0.00,0.00,0.00,0.00,0.00,0.00,0.00,1.35,0.00,0.67,2.02,0.00
2018-01-21 16:47:37, Pieces of Eight,0.00,1.21,0.00,0.00,1.21,0.00,0.00,0.00,1.21,0.40,0.00,0.00
2018-01-21 16:51:52, Mai Tai,0.90,0.00,0.90,0.45,0.00,0.00,0.45,0.22,0.00,0.90,0.00,0.22
2018-01-21 16:53:37, Mai Tai,0.90,0.00,0.90,0.45,0.00,0.00,0.45,0.22,0.00,0.90,0.00,0.22
2018-01-21 16:58:51, Outrigger,0.00,0.00,2.02,1.01,1.01,0.00,0.00,0.00,0.00,0.00,0.00,0.00
2018-01-21 17:05:07, Trader Vic Grog,1.59,0.00,0.00,0.00,0.79,0.00,0.00,0.00,0.79,0.00,0.79,0.00
2018-01-21 18:41:37, Starting up.
2018-01-21 18:41:37, Cup, 9.0, max cocktail volume, 4.05, percent cocktail, 45.0%, percent ice, 55.0%
2018-01-21 18:43:39, Scorpion,0.00,0.93,0.00,0.00,0.69,0.00,1.39,0.00,0.00,0.00,0.69,0.35
2018-01-21 19:02:04, Cool Coconut,0.00,0.00,0.00,0.00,0.00,1.62,0.81,0.00,1.62,0.00,0.00,0.00
2018-01-21 19:11:03, Starting up.
2018-01-21 19:11:03, Cup, 9.0, max cocktail volume, 4.05, percent cocktail, 45.0%, percent ice, 55.0%
2018-01-21 19:11:21, Starting up.
2018-01-21 19:11:24, Cup, 1.0, max cocktail volume, 0.45, percent cocktail, 45.0%, percent ice, 55.0%
2018-01-21 19:11:52, Scorpion,0.00,0.10,0.00,0.00,0.08,0.00,0.15,0.00,0.00,0.00,0.08,0.04
2018-07-09 18:49:19, Starting up.
2018-07-09 18:49:20, Cup, 1.0, max cocktail volume, 0.45, percent cocktail, 45.0%, percent ice, 55.0%
2018-07-09 18:50:11, Scorpion,0.00,0.10,0.00,0.00,0.08,0.00,0.15,0.00,0.00,0.00,0.08,0.04
2018-01-22 14:44:38, Starting up.
2018-01-22 14:44:42, Cup, 1.0, max cocktail volume, 0.45, percent cocktail, 45.0%, percent ice, 55.0%
2018-07-10 17:07:40, Starting up.
2018-07-10 17:07:43, Cup, 1.0, max cocktail volume, 0.45, percent cocktail, 45.0%, percent ice, 55.0%
2018-07-10 17:08:29, Starting up.
2018-07-10 17:08:33, Cup, 1.0, max cocktail volume, 0.45, percent cocktail, 45.0%, percent ice, 55.0%
2018-07-13 17:10:22, Scorpion,0.00,0.10,0.00,0.00,0.08,0.00,0.15,0.00,0.00,0.00,0.08,0.04
2018-07-13 17:10:41, Scorpion,0.00,0.10,0.00,0.00,0.08,0.00,0.15,0.00,0.00,0.00,0.08,0.04
2018-07-13 17:13:45, Starting up.
2018-07-13 17:13:48, Cup, 1.0, max cocktail volume, 0.45, percent cocktail, 45.0%, percent ice, 55.0%
2018-07-13 17:14:10, Starting up.
2018-07-13 17:14:12, Cup, 1.0, max cocktail volume, 0.45, percent cocktail, 45.0%, percent ice, 55.0%
2018-07-13 17:17:01, Starting up.
2018-07-13 17:17:02, Cup, 9.0, max cocktail volume, 4.05, percent cocktail, 45.0%, percent ice, 55.0%
2018-07-13 17:17:35, Starting up.
2018-07-13 17:17:38, Cup, 9.0, max cocktail volume, 4.05, percent cocktail, 45.0%, percent ice, 55.0%
2018-07-13 18:13:56, Starting up.
2018-07-13 18:14:00, Cup, 1.0, max cocktail volume, 0.45, percent cocktail, 45.0%, percent ice, 55.0%
2018-07-13 18:16:50, Starting up.
2018-07-13 18:16:52, Cup, 1.0, max cocktail volume, 0.45, percent cocktail, 45.0%, percent ice, 55.0%
2018-07-13 18:17:13, Scorpion,0.00,0.10,0.00,0.00,0.08,0.00,0.15,0.00,0.00,0.00,0.08,0.04
2018-07-13 18:17:31, Scorpion,0.00,0.10,0.00,0.00,0.08,0.00,0.15,0.00,0.00,0.00,0.08,0.04
2018-07-13 18:17:50, Scorpion,0.00,0.10,0.00,0.00,0.08,0.00,0.15,0.00,0.00,0.00,0.08,0.04
2018-07-13 18:55:26, Starting up.
2018-07-13 18:57:07, Starting up.
2018-07-13 18:57:09, Cup, 9.0, max cocktail volume, 4.05, percent cocktail, 45.0%, percent ice, 55.0%
2018-07-13 18:58:09, Scorpion,0.00,0.93,0.00,0.00,0.69,0.00,1.39,0.00,0.00,0.00,0.69,0.35
2018-07-13 19:03:34, Starting up.
2018-07-13 19:03:37, Cup, 9.0, max cocktail volume, 4.05, percent cocktail, 45.0%, percent ice, 55.0%
2018-07-13 19:04:37, Scorpion,0.00,0.93,0.00,0.00,0.69,0.00,1.39,0.00,0.00,0.00,0.69,0.35
2018-07-13 19:10:07, Starting up.
2018-07-13 19:10:09, Cup, 9.0, max cocktail volume, 4.05, percent cocktail, 45.0%, percent ice, 55.0%
2018-07-13 19:11:07, Scorpion,0.00,0.93,0.00,0.00,0.69,0.00,1.39,0.00,0.00,0.00,0.69,0.35
2018-07-13 19:12:28, Starting up.
2018-07-13 19:12:30, Cup, 9.0, max cocktail volume, 4.05, percent cocktail, 45.0%, percent ice, 55.0%
2018-07-13 19:13:27, Scorpion,0.00,0.93,0.00,0.00,0.69,0.00,1.39,0.00,0.00,0.00,0.69,0.35
2018-07-13 19:18:23, Starting up.
2018-07-13 19:18:24, Cup, 9.0, max cocktail volume, 4.05, percent cocktail, 45.0%, percent ice, 55.0%
2018-07-13 19:19:20, Scorpion,0.00,0.93,0.00,0.00,0.69,0.00,1.39,0.00,0.00,0.00,0.69,0.35
2018-07-13 19:30:11, Starting up.
2018-07-13 19:30:13, Cup, 9.0, max cocktail volume, 4.05, percent cocktail, 45.0%, percent ice, 55.0%
2018-07-13 19:33:36, Starting up.
2018-07-13 19:33:40, Cup, 9.0, max cocktail volume, 4.05, percent cocktail, 45.0%, percent ice, 55.0%
2018-07-13 19:34:37, Scorpion,0.00,0.93,0.00,0.00,0.69,0.00,1.39,0.00,0.00,0.00,0.69,0.35
2018-07-13 19:38:59, Scorpion,0.00,0.93,0.00,0.00,0.69,0.00,1.39,0.00,0.00,0.00,0.69,0.35
2018-07-13 19:40:32, Scorpion,0.00,0.93,0.00,0.00,0.69,0.00,1.39,0.00,0.00,0.00,0.69,0.35
2018-07-13 19:41:42, Scorpion,0.00,0.93,0.00,0.00,0.69,0.00,1.39,0.00,0.00,0.00,0.69,0.35
2018-07-14 12:37:26, Starting up.
2018-07-14 12:37:28, Cup, 9.0, max cocktail volume, 4.05, percent cocktail, 45.0%, percent ice, 55.0%
2018-07-14 12:38:28, Scorpion,0.00,0.93,0.00,0.00,0.69,0.00,1.39,0.00,0.00,0.00,0.69,0.35
2018-07-14 12:42:01, Starting up.
2018-07-14 12:42:01, Cup, 9.0, max cocktail volume, 4.05, percent cocktail, 45.0%, percent ice, 55.0%
2018-07-14 12:43:00, Scorpion,0.00,0.93,0.00,0.00,0.69,0.00,1.39,0.00,0.00,0.00,0.69,0.35
2018-07-14 12:47:03, Starting up.
2018-07-14 12:47:04, Cup, 9.0, max cocktail volume, 4.05, percent cocktail, 45.0%, percent ice, 55.0%
2018-07-14 12:48:01, Scorpion,0.00,0.93,0.00,0.00,0.69,0.00,1.39,0.00,0.00,0.00,0.69,0.35
2018-07-14 12:53:26, Starting up.
2018-07-14 12:53:26, Cup, 9.0, max cocktail volume, 4.05, percent cocktail, 45.0%, percent ice, 55.0%
2018-07-14 12:54:22, Scorpion,0.00,0.93,0.00,0.00,0.69,0.00,1.39,0.00,0.00,0.00,0.69,0.35
2018-07-14 13:03:39, Starting up.
2018-07-14 13:03:41, Cup, 9.0, max cocktail volume, 4.05, percent cocktail, 45.0%, percent ice, 55.0%
2018-07-14 13:04:37, Scorpion,0.00,0.93,0.00,0.00,0.69,0.00,1.39,0.00,0.00,0.00,0.69,0.35
2018-07-14 13:08:06, Starting up.
2018-07-14 13:08:07, Cup, 9.0, max cocktail volume, 4.05, percent cocktail, 45.0%, percent ice, 55.0%
2018-07-14 13:09:04, Scorpion,0.00,0.93,0.00,0.00,0.69,0.00,1.39,0.00,0.00,0.00,0.69,0.35
2018-07-14 13:14:03, Starting up.
2018-07-14 13:14:04, Cup, 9.0, max cocktail volume, 4.05, percent cocktail, 45.0%, percent ice, 55.0%
2018-07-14 13:15:07, Scorpion,0.00,0.93,0.00,0.00,0.69,0.00,1.39,0.00,0.00,0.00,0.69,0.35
2018-07-14 13:17:01, Scorpion,0.00,0.93,0.00,0.00,0.69,0.00,1.39,0.00,0.00,0.00,0.69,0.35
2018-07-14 13:23:58, Starting up.
2018-07-14 13:24:02, Cup, 9.0, max cocktail volume, 4.05, percent cocktail, 45.0%, percent ice, 55.0%
2018-07-14 13:24:58, Scorpion,0.00,0.93,0.00,0.00,0.69,0.00,1.39,0.00,0.00,0.00,0.69,0.35
2018-07-14 13:33:35, Scorpion,0.00,0.93,0.00,0.00,0.69,0.00,1.39,0.00,0.00,0.00,0.69,0.35
2018-07-14 14:07:59, Starting up.
2018-07-14 14:08:01, Cup, 9.0, max cocktail volume, 4.05, percent cocktail, 45.0%, percent ice, 55.0%
2018-07-14 14:09:03, Starting up.
2018-07-14 14:09:04, Cup, 9.0, max cocktail volume, 4.05, percent cocktail, 45.0%, percent ice, 55.0%
2018-07-14 14:13:23, Starting up.
2018-07-14 14:13:24, Cup, 9.0, max cocktail volume, 4.05, percent cocktail, 45.0%, percent ice, 55.0%
2018-07-14 14:19:59, Starting up.
2018-07-14 14:20:00, Cup, 9.0, max cocktail volume, 4.05, percent cocktail, 45.0%, percent ice, 55.0%
2018-07-14 15:06:25, Starting up.
2018-07-14 15:06:26, Cup, 9.0, max cocktail volume, 4.05, percent cocktail, 45.0%, percent ice, 55.0%
2018-07-14 15:08:14, Starting up.
2018-07-14 15:08:15, Cup, 9.0, max cocktail volume, 4.05, percent cocktail, 45.0%, percent ice, 55.0%
2018-07-14 15:08:58, Starting up.
2018-07-14 15:08:59, Cup, 9.0, max cocktail volume, 4.05, percent cocktail, 45.0%, percent ice, 55.0%
2018-07-14 15:18:51, Starting up.
2018-07-14 15:18:52, Cup, 9.0, max cocktail volume, 4.05, percent cocktail, 45.0%, percent ice, 55.0%
2018-07-14 15:20:18, Starting up.
2018-07-14 15:20:18, Cup, 9.0, max cocktail volume, 4.05, percent cocktail, 45.0%, percent ice, 55.0%
2018-07-14 15:21:13, Starting up.
2018-07-14 15:21:14, Cup, 9.0, max cocktail volume, 4.05, percent cocktail, 45.0%, percent ice, 55.0%
2018-07-14 15:24:20, Starting up.
2018-07-14 15:24:22, Cup, 9.0, max cocktail volume, 4.05, percent cocktail, 45.0%, percent ice, 55.0%
2018-07-14 15:26:46, Starting up.
2018-07-14 15:26:47, Cup, 9.0, max cocktail volume, 4.05, percent cocktail, 45.0%, percent ice, 55.0%
2018-07-14 15:27:03, Starting up.
2018-07-14 15:27:05, Cup, 9.0, max cocktail volume, 4.05, percent cocktail, 45.0%, percent ice, 55.0%
2018-07-14 15:28:04, Starting up.
2018-07-14 15:28:05, Cup, 9.0, max cocktail volume, 4.05, percent cocktail, 45.0%, percent ice, 55.0%
2018-07-14 15:31:20, Starting up.
2018-07-14 15:31:21, Cup, 9.0, max cocktail volume, 4.05, percent cocktail, 45.0%, percent ice, 55.0%
2018-07-14 15:35:08, Starting up.
2018-07-14 15:35:09, Cup, 9.0, max cocktail volume, 4.05, percent cocktail, 45.0%, percent ice, 55.0%
2018-07-14 15:35:50, Starting up.
2018-07-14 15:35:52, Cup, 9.0, max cocktail volume, 4.05, percent cocktail, 45.0%, percent ice, 55.0%
2018-07-14 15:37:50, Starting up.
2018-07-14 15:37:51, Cup, 9.0, max cocktail volume, 4.05, percent cocktail, 45.0%, percent ice, 55.0%
2018-07-14 15:39:18, Starting up.
2018-07-14 15:39:19, Cup, 9.0, max cocktail volume, 4.05, percent cocktail, 45.0%, percent ice, 55.0%
2018-07-14 15:49:58, Starting up.
2018-07-14 15:49:59, Cup, 9.0, max cocktail volume, 4.05, percent cocktail, 45.0%, percent ice, 55.0%
2018-07-14 15:50:50, Starting up.
2018-07-14 15:50:51, Cup, 9.0, max cocktail volume, 4.05, percent cocktail, 45.0%, percent ice, 55.0%
2018-07-14 15:52:04, Starting up.
2018-07-14 15:52:04, Cup, 9.0, max cocktail volume, 4.05, percent cocktail, 45.0%, percent ice, 55.0%
2018-07-14 15:56:34, Starting up.
2018-07-14 15:56:34, Cup, 9.0, max cocktail volume, 4.05, percent cocktail, 45.0%, percent ice, 55.0%
2018-07-14 16:13:12, Starting up.
2018-07-14 16:13:13, Cup, 9.0, max cocktail volume, 4.05, percent cocktail, 45.0%, percent ice, 55.0%
2018-07-14 16:14:16, Starting up.
2018-07-14 16:14:17, Cup, 9.0, max cocktail volume, 4.05, percent cocktail, 45.0%, percent ice, 55.0%
2018-07-14 16:39:02, Starting up.
2018-07-14 16:39:03, Cup, 9.0, max cocktail volume, 4.05, percent cocktail, 45.0%, percent ice, 55.0%
2018-07-14 16:39:20, Starting up.
2018-07-14 16:39:21, Cup, 9.0, max cocktail volume, 4.05, percent cocktail, 45.0%, percent ice, 55.0%
2018-07-14 16:42:04, Starting up.
2018-07-14 16:42:05, Cup, 9.0, max cocktail volume, 4.05, percent cocktail, 45.0%, percent ice, 55.0%
2018-07-14 16:43:47, Starting up.
2018-07-14 16:43:48, Cup, 9.0, max cocktail volume, 4.05, percent cocktail, 45.0%, percent ice, 55.0%
2018-07-14 16:44:58, Starting up.
2018-07-14 16:44:59, Cup, 9.0, max cocktail volume, 4.05, percent cocktail, 45.0%, percent ice, 55.0%
2018-07-14 16:46:08, Starting up.
2018-07-14 16:46:09, Cup, 9.0, max cocktail volume, 4.05, percent cocktail, 45.0%, percent ice, 55.0%
2018-07-14 16:47:04, Starting up.
2018-07-14 16:47:05, Cup, 9.0, max cocktail volume, 4.05, percent cocktail, 45.0%, percent ice, 55.0%
2018-07-14 16:47:38, Starting up.
2018-07-14 16:47:39, Cup, 9.0, max cocktail volume, 4.05, percent cocktail, 45.0%, percent ice, 55.0%
2018-07-14 16:50:13, Starting up.
2018-07-14 16:50:14, Cup, 9.0, max cocktail volume, 4.05, percent cocktail, 45.0%, percent ice, 55.0%
2018-07-14 16:51:00, Starting up.
2018-07-14 16:51:01, Cup, 9.0, max cocktail volume, 4.05, percent cocktail, 45.0%, percent ice, 55.0%
2018-07-14 16:52:36, Starting up.
2018-07-14 16:52:36, Cup, 9.0, max cocktail volume, 4.05, percent cocktail, 45.0%, percent ice, 55.0%
2018-07-14 16:54:37, Starting up.
2018-07-14 16:54:38, Cup, 9.0, max cocktail volume, 4.05, percent cocktail, 45.0%, percent ice, 55.0%
2018-07-14 16:55:32, Starting up.
2018-07-14 16:55:33, Cup, 9.0, max cocktail volume, 4.05, percent cocktail, 45.0%, percent ice, 55.0%
2018-07-14 16:55:55, Starting up.
2018-07-14 16:55:55, Cup, 9.0, max cocktail volume, 4.05, percent cocktail, 45.0%, percent ice, 55.0%
2018-07-14 16:56:41, Starting up.
2018-07-14 16:56:42, Cup, 9.0, max cocktail volume, 4.05, percent cocktail, 45.0%, percent ice, 55.0%
2018-07-14 16:57:08, Starting up.
2018-07-14 16:57:08, Cup, 9.0, max cocktail volume, 4.05, percent cocktail, 45.0%, percent ice, 55.0%
2018-07-14 16:58:46, Starting up.
2018-07-14 16:58:48, Cup, 9.0, max cocktail volume, 4.05, percent cocktail, 45.0%, percent ice, 55.0%
2018-07-14 17:03:19, Starting up.
2018-07-14 17:03:22, Cup, 9.0, max cocktail volume, 4.05, percent cocktail, 45.0%, percent ice, 55.0%
2018-07-14 17:05:20, Starting up.
2018-07-14 17:05:21, Cup, 9.0, max cocktail volume, 4.05, percent cocktail, 45.0%, percent ice, 55.0%
2018-07-14 17:11:33, Starting up.
2018-07-14 17:11:34, Cup, 9.0, max cocktail volume, 4.05, percent cocktail, 45.0%, percent ice, 55.0%
2018-07-14 17:20:28, Starting up.
2018-07-14 17:20:29, Cup, 9.0, max cocktail volume, 4.05, percent cocktail, 45.0%, percent ice, 55.0%
2018-07-14 17:20:52, Starting up.
2018-07-14 17:20:53, Cup, 9.0, max cocktail volume, 4.05, percent cocktail, 45.0%, percent ice, 55.0%
2018-07-14 17:22:01, Scorpion,0.00,0.93,0.00,0.00,0.69,0.00,1.39,0.00,0.00,0.00,0.69,0.35
2018-07-14 17:32:07, Starting up.
2018-07-14 17:32:08, Cup, 9.0, max cocktail volume, 4.05, percent cocktail, 45.0%, percent ice, 55.0%
2018-07-14 17:33:23, Starting up.
2018-07-14 17:33:24, Cup, 9.0, max cocktail volume, 4.05, percent cocktail, 45.0%, percent ice, 55.0%
2018-07-14 17:34:27, Scorpion,0.00,0.93,0.00,0.00,0.69,0.00,1.39,0.00,0.00,0.00,0.69,0.35
2018-07-14 17:36:34, Scorpion,0.00,0.93,0.00,0.00,0.69,0.00,1.39,0.00,0.00,0.00,0.69,0.35
2018-07-14 17:38:16, Scorpion,0.00,0.93,0.00,0.00,0.69,0.00,1.39,0.00,0.00,0.00,0.69,0.35
2018-07-14 18:34:32, Starting up.
2018-07-14 18:34:35, Cup, 9.0, max cocktail volume, 4.05, percent cocktail, 45.0%, percent ice, 55.0%
2018-07-14 18:35:32, Scorpion,0.00,0.93,0.00,0.00,0.69,0.00,1.39,0.00,0.00,0.00,0.69,0.35
2018-07-14 18:36:47, Scorpion,0.00,0.93,0.00,0.00,0.69,0.00,1.39,0.00,0.00,0.00,0.69,0.35
2018-07-14 20:02:08, Starting up.
2018-07-14 20:02:11, Cup, 9.0, max cocktail volume, 4.05, percent cocktail, 45.0%, percent ice, 55.0%
2018-07-14 20:03:07, Scorpion,0.00,0.93,0.00,0.00,0.69,0.00,1.39,0.00,0.00,0.00,0.69,0.35
2018-07-14 22:41:49, Starting up.
2018-07-14 22:41:55, Cup, 9.0, max cocktail volume, 4.05, percent cocktail, 45.0%, percent ice, 55.0%
2018-07-14 22:42:53, Scorpion,0.00,0.93,0.00,0.00,0.69,0.00,1.39,0.00,0.00,0.00,0.69,0.35
2018-07-14 22:43:01, Starting up.
2018-07-14 22:43:03, Cup, 1.0, max cocktail volume, 0.45, percent cocktail, 45.0%, percent ice, 55.0%
2018-07-14 22:43:25, Scorpion,0.00,0.10,0.00,0.00,0.08,0.00,0.15,0.00,0.00,0.00,0.08,0.04
2018-07-14 23:19:12, Starting up.
2018-07-14 23:20:52, Starting up.
2018-07-14 23:20:57, Cup, 9.0, max cocktail volume, 4.05, percent cocktail, 45.0%, percent ice, 55.0%
2018-07-14 23:22:23, Starting up.
2018-07-14 23:22:28, Cup, 9.0, max cocktail volume, 4.05, percent cocktail, 45.0%, percent ice, 55.0%
2018-07-14 23:23:37, Starting up.
2018-07-14 23:23:43, Cup, 9.0, max cocktail volume, 4.05, percent cocktail, 45.0%, percent ice, 55.0%
2018-07-14 23:25:31, Scorpion,0.00,0.93,0.00,0.00,0.69,0.00,1.39,0.00,0.00,0.00,0.69,0.35
2018-07-14 23:27:01, Scorpion,0.00,0.93,0.00,0.00,0.69,0.00,1.39,0.00,0.00,0.00,0.69,0.35
2018-07-14 23:36:28, Starting up: testing
2018-07-14 23:36:34, Cup, 9.0, max cocktail volume, 4.05, percent cocktail, 45.0%, percent ice, 55.0%
2018-07-14 23:37:46, Starting up: testing
2018-07-14 23:37:51, Cup, 9.0, max cocktail volume, 4.05, percent cocktail, 45.0%, percent ice, 55.0%
2018-07-14 23:38:59, Scorpion,0.00,0.93,0.00,0.00,0.69,0.00,1.39,0.00,0.00,0.00,0.69,0.35
2018-07-14 23:42:46, Starting up: testing
2018-07-14 23:42:51, Cup, 9.0, max cocktail volume, 4.05, percent cocktail, 45.0%, percent ice, 55.0%
2018-07-14 23:43:57, Scorpion,0.00,0.93,0.00,0.00,0.69,0.00,1.39,0.00,0.00,0.00,0.69,0.35
2018-07-14 23:45:03, Scorpion,0.00,0.93,0.00,0.00,0.69,0.00,1.39,0.00,0.00,0.00,0.69,0.35
2018-07-14 23:59:51, Starting up: testing
2018-07-14 23:59:59, Cup, 9.0, max cocktail volume, 4.05, percent cocktail, 45.0%, percent ice, 55.0%
2018-07-15 00:09:57, Starting up: Everything has been git pushed
2018-07-15 00:10:02, Cup, 9.0, max cocktail volume, 4.05, percent cocktail, 45.0%, percent ice, 55.0%
2018-07-15 13:06:56, Starting up: testing
2018-07-15 13:07:01, Cup, 9.0, max cocktail volume, 4.05, percent cocktail, 45.0%, percent ice, 55.0%
2018-07-15 13:09:15, Trader Vic Grog,1.59,0.00,0.00,0.00,0.79,0.00,0.00,0.00,0.79,0.00,0.79,0.00
2018-07-15 13:10:40, Pieces of Eight,0.00,1.21,0.00,0.00,1.21,0.00,0.00,0.00,1.21,0.40,0.00,0.00
2018-07-15 14:03:36, Starting up: 
2018-07-15 14:18:28, Starting up: 
2018-07-15 14:20:18, Starting up: 
2018-07-15 15:47:38, Starting up: testing DNA
2018-07-15 15:48:58, Starting up: testing dna
2018-07-15 15:49:03, Cup, 9.0, max cocktail volume, 4.05, percent cocktail, 45.0%, percent ice, 55.0%
2018-07-15 15:53:02, Starting up: testing dna
2018-07-15 15:53:07, Cup, 9.0, max cocktail volume, 4.05, percent cocktail, 45.0%, percent ice, 55.0%
2018-07-15 15:54:11, Scorpion,0.00,0.93,0.00,0.00,0.69,0.00,1.39,0.00,0.00,0.00,0.69,0.35
2018-07-15 17:04:26, Starting up: DNA Lounge DrinkBot Contest
2018-07-15 17:04:47, Cup, 9.0, max cocktail volume, 4.05, percent cocktail, 45.0%, percent ice, 55.0%
2018-07-15 17:11:52, Cool Coconut,0.00,0.00,0.00,0.00,0.00,1.62,0.81,0.00,1.62,0.00,0.00,0.00
2018-07-15 17:14:02, Mai Tai,0.90,0.00,0.90,0.45,0.00,0.00,0.45,0.22,0.00,0.90,0.00,0.22
2018-07-15 17:17:06, Trader Vic Grog,1.59,0.00,0.00,0.00,0.79,0.00,0.00,0.00,0.79,0.00,0.79,0.00
2018-07-15 17:18:42, Trader Vic Grog,1.59,0.00,0.00,0.00,0.79,0.00,0.00,0.00,0.79,0.00,0.79,0.00
2018-07-15 17:20:26, Trader Vic Grog,1.59,0.00,0.00,0.00,0.79,0.00,0.00,0.00,0.79,0.00,0.79,0.00
2018-07-15 17:25:12, Mai Tai,0.90,0.00,0.90,0.45,0.00,0.00,0.45,0.22,0.00,0.90,0.00,0.22
2018-07-15 17:29:58, Hurricane,2.02,0.00,0.00,0.00,1.01,0.00,0.00,0.00,1.01,0.00,0.00,0.00
2018-07-15 17:40:11, Pina Co-nada,0.00,0.00,0.00,0.00,0.00,1.51,0.75,0.00,0.00,0.28,1.51,0.00
2018-07-15 17:46:38, Pina Colada,0.00,1.01,0.00,0.00,0.00,2.36,0.00,0.00,0.00,0.00,0.67,0.00
2018-07-15 17:54:06, Pina Colada,0.00,1.01,0.00,0.00,0.00,2.36,0.00,0.00,0.00,0.00,0.67,0.00
2018-07-15 17:56:28, Pina Colada,0.00,1.01,0.00,0.00,0.00,2.36,0.00,0.00,0.00,0.00,0.67,0.00
2018-07-15 17:58:50, Mai Tai,0.90,0.00,0.90,0.45,0.00,0.00,0.45,0.22,0.00,0.90,0.00,0.22
2018-07-15 18:01:15, Mai Tai,0.90,0.00,0.90,0.45,0.00,0.00,0.45,0.22,0.00,0.90,0.00,0.22
2018-07-15 18:03:56, Pina Colada,0.00,1.01,0.00,0.00,0.00,2.36,0.00,0.00,0.00,0.00,0.67,0.00
2018-07-15 18:07:38, Outrigger,0.00,0.00,2.02,1.01,1.01,0.00,0.00,0.00,0.00,0.00,0.00,0.00
2018-07-15 18:09:56, Pina Colada,0.00,1.01,0.00,0.00,0.00,2.36,0.00,0.00,0.00,0.00,0.67,0.00
2018-07-15 18:13:45, Pina Colada,0.00,1.01,0.00,0.00,0.00,2.36,0.00,0.00,0.00,0.00,0.67,0.00
2018-07-15 18:16:15, Pina Colada,0.00,1.01,0.00,0.00,0.00,2.36,0.00,0.00,0.00,0.00,0.67,0.00
2018-07-15 18:18:53, Hurricane,2.02,0.00,0.00,0.00,1.01,0.00,0.00,0.00,1.01,0.00,0.00,0.00
2018-07-15 18:21:02, Mai Tai,0.90,0.00,0.90,0.45,0.00,0.00,0.45,0.22,0.00,0.90,0.00,0.22
2018-07-15 18:22:53, Mai Tai,0.90,0.00,0.90,0.45,0.00,0.00,0.45,0.22,0.00,0.90,0.00,0.22
2018-07-15 18:24:35, Tail-less Scorpion,0.00,0.00,0.00,0.00,0.90,0.00,1.80,0.00,0.00,0.00,0.90,0.45
2018-07-15 18:26:13, Chief Lapu Lapu,0.61,0.61,0.00,0.00,0.81,0.00,1.21,0.40,0.40,0.00,0.00,0.00
2018-07-15 18:28:05, Outrigger,0.00,0.00,2.02,1.01,1.01,0.00,0.00,0.00,0.00,0.00,0.00,0.00
2018-07-15 18:30:18, Outrigger,0.00,0.00,2.02,1.01,1.01,0.00,0.00,0.00,0.00,0.00,0.00,0.00
2018-07-15 18:31:34, Mai Tai,0.90,0.00,0.90,0.45,0.00,0.00,0.45,0.22,0.00,0.90,0.00,0.22
2018-07-15 18:33:27, Pieces of Eight,0.00,1.21,0.00,0.00,1.21,0.00,0.00,0.00,1.21,0.40,0.00,0.00
2018-07-15 18:35:52, Scorpion,0.00,0.93,0.00,0.00,0.69,0.00,1.39,0.00,0.00,0.00,0.69,0.35
2018-07-15 18:37:28, Pieces of Eight,0.00,1.21,0.00,0.00,1.21,0.00,0.00,0.00,1.21,0.40,0.00,0.00
2018-07-15 18:39:35, Mai Tai,0.90,0.00,0.90,0.45,0.00,0.00,0.45,0.22,0.00,0.90,0.00,0.22
2018-07-15 18:40:55, Mai Tai,0.90,0.00,0.90,0.45,0.00,0.00,0.45,0.22,0.00,0.90,0.00,0.22
2018-07-15 18:43:32, Outrigger,0.00,0.00,2.02,1.01,1.01,0.00,0.00,0.00,0.00,0.00,0.00,0.00
2018-07-15 18:45:41, Mai Tai,0.90,0.00,0.90,0.45,0.00,0.00,0.45,0.22,0.00,0.90,0.00,0.22
2018-07-15 18:48:05, Trader Vic Grog,1.59,0.00,0.00,0.00,0.79,0.00,0.00,0.00,0.79,0.00,0.79,0.00
2018-07-15 18:51:45, Outrigger,0.00,0.00,2.02,1.01,1.01,0.00,0.00,0.00,0.00,0.00,0.00,0.00
2018-07-15 18:54:05, Trader Vic Grog,1.59,0.00,0.00,0.00,0.79,0.00,0.00,0.00,0.79,0.00,0.79,0.00
2018-07-15 18:56:04, Mai Tai,0.90,0.00,0.90,0.45,0.00,0.00,0.45,0.22,0.00,0.90,0.00,0.22
2018-07-15 18:58:52, Outrigger,0.00,0.00,2.02,1.01,1.01,0.00,0.00,0.00,0.00,0.00,0.00,0.00
2018-07-15 19:01:07, Pieces of Eight,0.00,1.21,0.00,0.00,1.21,0.00,0.00,0.00,1.21,0.40,0.00,0.00
2018-07-15 19:06:21, Citrus Sunset,0.00,0.00,0.00,0.00,0.51,2.53,0.51,0.00,0.51,0.00,0.00,0.00
2018-07-15 19:07:41, Mai Tai,0.90,0.00,0.90,0.45,0.00,0.00,0.45,0.22,0.00,0.90,0.00,0.22
2018-07-15 19:09:03, Mai Tai,0.90,0.00,0.90,0.45,0.00,0.00,0.45,0.22,0.00,0.90,0.00,0.22
2018-07-15 19:11:41, Outrigger,0.00,0.00,2.02,1.01,1.01,0.00,0.00,0.00,0.00,0.00,0.00,0.00
2018-07-15 19:13:38, Trader Vic Grog,1.59,0.00,0.00,0.00,0.79,0.00,0.00,0.00,0.79,0.00,0.79,0.00
2018-07-15 19:15:36, Mai Tai,0.90,0.00,0.90,0.45,0.00,0.00,0.45,0.22,0.00,0.90,0.00,0.22
2018-07-15 19:16:51, Mai Tai,0.90,0.00,0.90,0.45,0.00,0.00,0.45,0.22,0.00,0.90,0.00,0.22
2018-07-15 19:20:35, Hurricane,2.02,0.00,0.00,0.00,1.01,0.00,0.00,0.00,1.01,0.00,0.00,0.00
2018-07-15 19:24:17, Tail-less Scorpion,0.00,0.00,0.00,0.00,0.90,0.00,1.80,0.00,0.00,0.00,0.90,0.45
2018-07-15 19:26:04, Trader Vic Grog,1.59,0.00,0.00,0.00,0.79,0.00,0.00,0.00,0.79,0.00,0.79,0.00
2018-07-15 19:28:21, Pina Colada,0.00,1.01,0.00,0.00,0.00,2.36,0.00,0.00,0.00,0.00,0.67,0.00
2018-07-15 19:31:30, Pina Colada,0.00,1.01,0.00,0.00,0.00,2.36,0.00,0.00,0.00,0.00,0.67,0.00
2018-07-15 19:33:59, Outrigger,0.00,0.00,2.02,1.01,1.01,0.00,0.00,0.00,0.00,0.00,0.00,0.00
2018-07-15 19:38:14, Pina Colada,0.00,1.01,0.00,0.00,0.00,2.36,0.00,0.00,0.00,0.00,0.67,0.00
2018-07-15 19:41:08, Mai Tai,0.90,0.00,0.90,0.45,0.00,0.00,0.45,0.22,0.00,0.90,0.00,0.22
2018-07-15 19:43:47, Mai Tai,0.90,0.00,0.90,0.45,0.00,0.00,0.45,0.22,0.00,0.90,0.00,0.22
2018-07-15 19:46:06, Cool Coconut,0.00,0.00,0.00,0.00,0.00,1.62,0.81,0.00,1.62,0.00,0.00,0.00
2018-07-15 19:48:37, Tail-less Scorpion,0.00,0.00,0.00,0.00,0.90,0.00,1.80,0.00,0.00,0.00,0.90,0.45
2018-07-15 19:50:45, Trader Vic Grog,1.59,0.00,0.00,0.00,0.79,0.00,0.00,0.00,0.79,0.00,0.79,0.00
2018-07-15 19:53:04, Hurricane,2.02,0.00,0.00,0.00,1.01,0.00,0.00,0.00,1.01,0.00,0.00,0.00
2018-07-15 19:55:02, Pieces of Eight,0.00,1.21,0.00,0.00,1.21,0.00,0.00,0.00,1.21,0.40,0.00,0.00
2018-07-15 20:00:03, Mai Tai,0.90,0.00,0.90,0.45,0.00,0.00,0.45,0.22,0.00,0.90,0.00,0.22
2018-07-15 20:02:17, Outrigger,0.00,0.00,2.02,1.01,1.01,0.00,0.00,0.00,0.00,0.00,0.00,0.00
2018-07-15 20:03:50, Mai Tai,0.90,0.00,0.90,0.45,0.00,0.00,0.45,0.22,0.00,0.90,0.00,0.22
2018-07-15 20:25:59, Starting up: DNA Lounge DrinkBot 2018
2018-07-15 20:26:04, Cup, 9.0, max cocktail volume, 4.05, percent cocktail, 45.0%, percent ice, 55.0%
2018-07-15 20:27:01, Mai Tai,0.90,0.00,0.90,0.45,0.00,0.00,0.45,0.22,0.00,0.90,0.00,0.22
2018-07-15 20:29:47, Hurricane,2.02,0.00,0.00,0.00,1.01,0.00,0.00,0.00,1.01,0.00,0.00,0.00
2018-07-15 20:33:17, Hurricane,2.02,0.00,0.00,0.00,1.01,0.00,0.00,0.00,1.01,0.00,0.00,0.00
2018-07-15 20:35:09, Mai Tai,0.90,0.00,0.90,0.45,0.00,0.00,0.45,0.22,0.00,0.90,0.00,0.22
2018-07-15 20:36:29, Mai Tai,0.90,0.00,0.90,0.45,0.00,0.00,0.45,0.22,0.00,0.90,0.00,0.22
2018-07-15 20:37:45, Mai Tai,0.90,0.00,0.90,0.45,0.00,0.00,0.45,0.22,0.00,0.90,0.00,0.22
2018-07-15 20:41:01, Outrigger,0.00,0.00,2.02,1.01,1.01,0.00,0.00,0.00,0.00,0.00,0.00,0.00
2018-07-15 20:43:22, Pina Colada,0.00,1.01,0.00,0.00,0.00,2.36,0.00,0.00,0.00,0.00,0.67,0.00
2018-07-15 20:45:07, Pina Co-nada,0.00,0.00,0.00,0.00,0.00,1.51,0.75,0.00,0.00,0.28,1.51,0.00
2018-07-15 20:46:54, Pina Co-nada,0.00,0.00,0.00,0.00,0.00,1.51,0.75,0.00,0.00,0.28,1.51,0.00
2018-07-15 20:50:26, Hurricane,2.02,0.00,0.00,0.00,1.01,0.00,0.00,0.00,1.01,0.00,0.00,0.00
2018-07-15 20:52:45, Trader Vic Grog,1.59,0.00,0.00,0.00,0.79,0.00,0.00,0.00,0.79,0.00,0.79,0.00
2018-07-15 20:54:28, Mai Tai,0.90,0.00,0.90,0.45,0.00,0.00,0.45,0.22,0.00,0.90,0.00,0.22
2018-07-15 20:56:01, Mai Tai,0.90,0.00,0.90,0.45,0.00,0.00,0.45,0.22,0.00,0.90,0.00,0.22
2018-07-15 21:00:22, Trader Vic Grog,1.59,0.00,0.00,0.00,0.79,0.00,0.00,0.00,0.79,0.00,0.79,0.00
2018-07-15 21:02:52, Mai Tai,0.90,0.00,0.90,0.45,0.00,0.00,0.45,0.22,0.00,0.90,0.00,0.22
2018-07-15 21:05:21, Trader Vic Grog,1.59,0.00,0.00,0.00,0.79,0.00,0.00,0.00,0.79,0.00,0.79,0.00
2018-07-15 21:08:07, Pieces of Eight,0.00,1.21,0.00,0.00,1.21,0.00,0.00,0.00,1.21,0.40,0.00,0.00
2018-07-15 21:10:38, Pina Colada,0.00,1.01,0.00,0.00,0.00,2.36,0.00,0.00,0.00,0.00,0.67,0.00
2018-07-15 21:12:40, Trader Vic Grog,1.59,0.00,0.00,0.00,0.79,0.00,0.00,0.00,0.79,0.00,0.79,0.00
2018-07-15 21:14:51, Mai Tai,0.90,0.00,0.90,0.45,0.00,0.00,0.45,0.22,0.00,0.90,0.00,0.22
2018-07-15 21:16:23, Mai Tai,0.90,0.00,0.90,0.45,0.00,0.00,0.45,0.22,0.00,0.90,0.00,0.22
2018-07-15 21:20:28, Trader Vic Grog,1.59,0.00,0.00,0.00,0.79,0.00,0.00,0.00,0.79,0.00,0.79,0.00
2018-07-15 21:22:33, Trader Vic Grog,1.59,0.00,0.00,0.00,0.79,0.00,0.00,0.00,0.79,0.00,0.79,0.00
2018-07-15 21:23:47, Mai Tai,0.90,0.00,0.90,0.45,0.00,0.00,0.45,0.22,0.00,0.90,0.00,0.22
2018-07-15 21:27:13, Pina Colada,0.00,1.01,0.00,0.00,0.00,2.36,0.00,0.00,0.00,0.00,0.67,0.00
2018-07-15 21:29:17, Tail-less Scorpion,0.00,0.00,0.00,0.00,0.90,0.00,1.80,0.00,0.00,0.00,0.90,0.45
2018-07-15 21:31:41, Pina Colada,0.00,1.01,0.00,0.00,0.00,2.36,0.00,0.00,0.00,0.00,0.67,0.00
2018-07-15 21:38:03, Starting up: 2018 Cocktail robotics challenge2
2018-07-15 21:38:08, Cup, 9.0, max cocktail volume, 4.05, percent cocktail, 45.0%, percent ice, 55.0%
2018-07-15 21:40:57, Starting up: DNA Lounge Drinkbot 2018
2018-07-15 21:41:02, Cup, 9.0, max cocktail volume, 4.05, percent cocktail, 45.0%, percent ice, 55.0%
2018-07-15 21:46:22, Mai Tai,0.90,0.00,0.90,0.45,0.00,0.00,0.45,0.22,0.00,0.90,0.00,0.22
2018-07-15 21:48:07, Cool Coconut,0.00,0.00,0.00,0.00,0.00,1.62,0.81,0.00,1.62,0.00,0.00,0.00
2018-07-15 21:52:20, Hurricane,2.02,0.00,0.00,0.00,1.01,0.00,0.00,0.00,1.01,0.00,0.00,0.00
2018-07-15 21:54:49, Hurricane,2.02,0.00,0.00,0.00,1.01,0.00,0.00,0.00,1.01,0.00,0.00,0.00
2018-07-15 21:57:26, Hurricane,2.02,0.00,0.00,0.00,1.01,0.00,0.00,0.00,1.01,0.00,0.00,0.00
2018-07-15 22:00:15, Trader Vic Grog,1.59,0.00,0.00,0.00,0.79,0.00,0.00,0.00,0.79,0.00,0.79,0.00
2018-07-15 22:02:53, Hurricane,2.02,0.00,0.00,0.00,1.01,0.00,0.00,0.00,1.01,0.00,0.00,0.00
2018-07-15 22:04:21, Hurricane,2.02,0.00,0.00,0.00,1.01,0.00,0.00,0.00,1.01,0.00,0.00,0.00
2018-07-15 22:06:37, Pina Colada,0.00,1.01,0.00,0.00,0.00,2.36,0.00,0.00,0.00,0.00,0.67,0.00
2018-07-15 22:10:45, Pieces of Eight,0.00,1.21,0.00,0.00,1.21,0.00,0.00,0.00,1.21,0.40,0.00,0.00
2018-07-15 22:15:08, Cool Coconut,0.00,0.00,0.00,0.00,0.00,1.62,0.81,0.00,1.62,0.00,0.00,0.00
2018-07-15 22:27:30, Pina Colada,0.00,1.01,0.00,0.00,0.00,2.36,0.00,0.00,0.00,0.00,0.67,0.00
2018-07-15 22:29:04, Pina Co-nada,0.00,0.00,0.00,0.00,0.00,1.51,0.75,0.00,0.00,0.28,1.51,0.00
2018-07-15 22:31:15, Pina Colada,0.00,1.01,0.00,0.00,0.00,2.36,0.00,0.00,0.00,0.00,0.67,0.00
2018-07-15 22:33:30, Scorpion,0.00,0.93,0.00,0.00,0.69,0.00,1.39,0.00,0.00,0.00,0.69,0.35
2018-07-15 22:36:32, Pieces of Eight,0.00,1.21,0.00,0.00,1.21,0.00,0.00,0.00,1.21,0.40,0.00,0.00
2018-07-15 22:42:52, Pieces of Eight,0.00,1.21,0.00,0.00,1.21,0.00,0.00,0.00,1.21,0.40,0.00,0.00
2018-07-15 22:45:03, Pina Colada,0.00,1.01,0.00,0.00,0.00,2.36,0.00,0.00,0.00,0.00,0.67,0.00
2018-07-15 22:48:27, Outrigger,0.00,0.00,2.02,1.01,1.01,0.00,0.00,0.00,0.00,0.00,0.00,0.00
2018-07-15 22:18:30, Starting up: shut down
2018-07-15 22:18:36, Cup, 1.0, max cocktail volume, 0.45, percent cocktail, 45.0%, percent ice, 55.0%
2018-07-25 16:58:18, Starting up: Tehama TGIF/W
2018-07-25 16:58:23, Cup, 9.0, max cocktail volume, 4.05, percent cocktail, 45.0%, percent ice, 55.0%
2018-07-25 17:08:36, Starting up: Tehama TGIW
2018-07-25 17:08:40, Cup, 9.0, max cocktail volume, 4.05, percent cocktail, 45.0%, percent ice, 55.0%
2018-07-25 17:13:12, Mai Tai,0.90,0.00,0.90,0.45,0.00,0.00,0.45,0.22,0.00,0.90,0.00,0.22
2018-07-25 17:14:06, Mai Tai,0.90,0.00,0.90,0.45,0.00,0.00,0.45,0.22,0.00,0.90,0.00,0.22
2018-07-25 17:16:11, Citrus Sunset,0.00,0.00,0.00,0.00,0.51,2.53,0.51,0.00,0.51,0.00,0.00,0.00
2018-07-25 17:17:42, Scorpion,0.00,0.93,0.00,0.00,0.69,0.00,1.39,0.00,0.00,0.00,0.69,0.35
2018-07-25 17:20:02, Passionfruit Wellness,0.00,0.00,0.00,0.00,0.00,1.62,0.00,0.00,1.62,0.81,0.00,0.00
2018-07-25 17:21:29, Scorpion,0.00,0.93,0.00,0.00,0.69,0.00,1.39,0.00,0.00,0.00,0.69,0.35
2018-07-25 17:24:00, Outrigger,0.00,0.00,2.02,1.01,1.01,0.00,0.00,0.00,0.00,0.00,0.00,0.00
2018-07-25 17:26:05, Trader Vic Grog,1.59,0.00,0.00,0.00,0.79,0.00,0.00,0.00,0.79,0.00,0.79,0.00
2018-07-25 17:28:44, Scorpion,0.00,0.93,0.00,0.00,0.69,0.00,1.39,0.00,0.00,0.00,0.69,0.35
2018-07-25 17:54:13, Scorpion,0.00,0.93,0.00,0.00,0.69,0.00,1.39,0.00,0.00,0.00,0.69,0.35
2018-07-28 15:17:40, Starting up: TWIT TV
2018-07-28 15:18:23, Cup, 9.0, max cocktail volume, 4.05, percent cocktail, 45.0%, percent ice, 55.0%
2018-07-28 15:27:44, Starting up: TWIT TV
2018-07-28 15:28:05, Cup, 9.0, max cocktail volume, 4.05, percent cocktail, 45.0%, percent ice, 55.0%
2018-07-28 15:31:07, Starting up: TWIT TV
2018-07-28 15:31:13, Cup, 9.0, max cocktail volume, 4.05, percent cocktail, 45.0%, percent ice, 55.0%
2018-07-28 15:33:12, Mai Tai,0.90,0.00,0.90,0.45,0.00,0.00,0.45,0.22,0.00,0.90,0.00,0.22
2018-07-28 16:15:34, Pina Colada,0.00,1.01,0.00,0.00,0.00,2.36,0.00,0.00,0.00,0.00,0.67,0.00
2018-07-28 16:17:57, Mai Tai,0.90,0.00,0.90,0.45,0.00,0.00,0.45,0.22,0.00,0.90,0.00,0.22
2018-07-28 16:20:54, Trader Vic Grog,1.59,0.00,0.00,0.00,0.79,0.00,0.00,0.00,0.79,0.00,0.79,0.00
2018-07-28 17:03:13, Trader Vic Grog,1.59,0.00,0.00,0.00,0.79,0.00,0.00,0.00,0.79,0.00,0.79,0.00
2018-07-28 17:08:44, Hurricane,2.02,0.00,0.00,0.00,1.01,0.00,0.00,0.00,1.01,0.00,0.00,0.00
2018-07-28 17:10:37, Scorpion,0.00,0.93,0.00,0.00,0.69,0.00,1.39,0.00,0.00,0.00,0.69,0.35
2018-07-28 17:13:35, Pina Colada,0.00,1.01,0.00,0.00,0.00,2.36,0.00,0.00,0.00,0.00,0.67,0.00
2018-07-28 17:15:49, Citrus Sunset,0.00,0.00,0.00,0.00,0.51,2.53,0.51,0.00,0.51,0.00,0.00,0.00
2018-07-30 21:16:41, Starting up: Megan visit!
2018-07-30 21:16:46, Cup, 9.0, max cocktail volume, 4.05, percent cocktail, 45.0%, percent ice, 55.0%
2018-07-30 21:19:33, Trader Vic Grog,1.59,0.00,0.00,0.00,0.79,0.00,0.00,0.00,0.79,0.00,0.79,0.00
2018-07-30 21:21:51, Pieces of Eight,0.00,1.21,0.00,0.00,1.21,0.00,0.00,0.00,1.21,0.40,0.00,0.00
2018-07-30 21:23:39, Trader Vic Grog,1.59,0.00,0.00,0.00,0.79,0.00,0.00,0.00,0.79,0.00,0.79,0.00
2018-07-30 21:26:22, Trader Vic Grog,1.59,0.00,0.00,0.00,0.79,0.00,0.00,0.00,0.79,0.00,0.79,0.00
2018-07-30 21:49:16, Cool Coconut,0.00,0.00,0.00,0.00,0.00,1.62,0.81,0.00,1.62,0.00,0.00,0.00
2018-10-05 17:01:33, Starting up: 
2018-10-05 17:01:38, Cup, 9.0, max cocktail volume, 4.05, percent cocktail, 45.0%, percent ice, 55.0%
2018-10-05 17:15:41, Starting up: Mozilla
2018-10-05 19:05:09, Cup, 9.0, max cocktail volume, 4.05, percent cocktail, 45.0%, percent ice, 55.0%
2018-10-05 19:08:45, Starting up: Mozilla
2018-10-05 19:08:50, Cup, 9.0, max cocktail volume, 4.05, percent cocktail, 45.0%, percent ice, 55.0%
2018-10-05 19:16:30, Starting up: Mozilla
2018-10-05 19:16:35, Cup, 9.0, max cocktail volume, 4.05, percent cocktail, 45.0%, percent ice, 55.0%
2018-10-05 19:20:56, Starting up: Mozilla
2018-10-05 19:21:01, Cup, 9.0, max cocktail volume, 4.05, percent cocktail, 45.0%, percent ice, 55.0%
2018-10-05 19:26:11, Starting up: Mozilla, 2018
2018-10-05 19:26:16, Cup, 9.0, max cocktail volume, 4.05, percent cocktail, 45.0%, percent ice, 55.0%
2018-10-05 19:27:32, Mai Tai,0.90,0.00,0.90,0.45,0.00,0.00,0.45,0.22,0.00,0.90,0.00,0.22
2018-10-05 19:30:05, Pina Colada,0.00,1.01,0.00,0.00,0.00,2.36,0.00,0.00,0.00,0.00,0.67,0.00
2018-10-05 19:33:33, Mai Tai,0.90,0.00,0.90,0.45,0.00,0.00,0.45,0.22,0.00,0.90,0.00,0.22
2018-10-05 19:36:06, Hurricane,2.02,0.00,0.00,0.00,1.01,0.00,0.00,0.00,1.01,0.00,0.00,0.00
2018-10-05 19:38:02, Pina Colada,0.00,1.01,0.00,0.00,0.00,2.36,0.00,0.00,0.00,0.00,0.67,0.00
2018-10-05 19:39:59, Chief Lapu Lapu,0.61,0.61,0.00,0.00,0.81,0.00,1.21,0.40,0.40,0.00,0.00,0.00
2018-10-05 19:41:33, Outrigger,0.00,0.00,2.02,1.01,1.01,0.00,0.00,0.00,0.00,0.00,0.00,0.00
2018-10-05 19:44:04, Trader Vic Grog,1.59,0.00,0.00,0.00,0.79,0.00,0.00,0.00,0.79,0.00,0.79,0.00
2018-10-05 19:46:18, Pina Colada,0.00,1.01,0.00,0.00,0.00,2.36,0.00,0.00,0.00,0.00,0.67,0.00
2018-10-05 19:48:45, Outrigger,0.00,0.00,2.02,1.01,1.01,0.00,0.00,0.00,0.00,0.00,0.00,0.00
2018-10-05 19:50:58, Hurricane,2.02,0.00,0.00,0.00,1.01,0.00,0.00,0.00,1.01,0.00,0.00,0.00
2018-10-05 19:52:37, Pieces of Eight,0.00,1.21,0.00,0.00,1.21,0.00,0.00,0.00,1.21,0.40,0.00,0.00
2018-10-05 19:54:09, Trader Vic Grog,1.59,0.00,0.00,0.00,0.79,0.00,0.00,0.00,0.79,0.00,0.79,0.00
2018-10-05 19:55:47, Outrigger,0.00,0.00,2.02,1.01,1.01,0.00,0.00,0.00,0.00,0.00,0.00,0.00
2018-10-05 19:56:58, Mai Tai,0.90,0.00,0.90,0.45,0.00,0.00,0.45,0.22,0.00,0.90,0.00,0.22
2018-10-05 19:58:04, Mai Tai,0.90,0.00,0.90,0.45,0.00,0.00,0.45,0.22,0.00,0.90,0.00,0.22
2018-10-05 20:00:00, Pina Colada,0.00,1.01,0.00,0.00,0.00,2.36,0.00,0.00,0.00,0.00,0.67,0.00
2018-10-05 20:01:14, Mai Tai,0.90,0.00,0.90,0.45,0.00,0.00,0.45,0.22,0.00,0.90,0.00,0.22
2018-10-05 20:02:37, Trader Vic Grog,1.59,0.00,0.00,0.00,0.79,0.00,0.00,0.00,0.79,0.00,0.79,0.00
2018-10-05 20:03:20, Mai Tai,0.90,0.00,0.90,0.45,0.00,0.00,0.45,0.22,0.00,0.90,0.00,0.22
2018-10-05 20:05:15, Pina Colada,0.00,1.01,0.00,0.00,0.00,2.36,0.00,0.00,0.00,0.00,0.67,0.00
2018-10-05 20:07:10, Citrus Sunset,0.00,0.00,0.00,0.00,0.51,2.53,0.51,0.00,0.51,0.00,0.00,0.00
2018-10-05 20:09:21, Outrigger,0.00,0.00,2.02,1.01,1.01,0.00,0.00,0.00,0.00,0.00,0.00,0.00
2018-10-05 20:11:09, Pina Colada,0.00,1.01,0.00,0.00,0.00,2.36,0.00,0.00,0.00,0.00,0.67,0.00
2018-10-05 20:11:56, Mai Tai,0.90,0.00,0.90,0.45,0.00,0.00,0.45,0.22,0.00,0.90,0.00,0.22
2018-10-05 20:13:39, Pina Co-nada,0.00,0.00,0.00,0.00,0.00,1.51,0.75,0.00,0.00,0.28,1.51,0.00
2018-10-05 20:15:05, Passionfruit Wellness,0.00,0.00,0.00,0.00,0.00,1.62,0.00,0.00,1.62,0.81,0.00,0.00
2018-10-05 20:17:18, Hurricane,2.02,0.00,0.00,0.00,1.01,0.00,0.00,0.00,1.01,0.00,0.00,0.00
2018-10-05 20:19:23, Outrigger,0.00,0.00,2.02,1.01,1.01,0.00,0.00,0.00,0.00,0.00,0.00,0.00
2018-10-05 20:20:57, Outrigger,0.00,0.00,2.02,1.01,1.01,0.00,0.00,0.00,0.00,0.00,0.00,0.00
2018-10-05 20:22:44, Mai Tai,0.90,0.00,0.90,0.45,0.00,0.00,0.45,0.22,0.00,0.90,0.00,0.22
2018-10-05 20:24:25, Hurricane,2.02,0.00,0.00,0.00,1.01,0.00,0.00,0.00,1.01,0.00,0.00,0.00
2018-10-05 20:26:05, Outrigger,0.00,0.00,2.02,1.01,1.01,0.00,0.00,0.00,0.00,0.00,0.00,0.00
2018-10-05 20:28:03, Pina Colada,0.00,1.01,0.00,0.00,0.00,2.36,0.00,0.00,0.00,0.00,0.67,0.00
2018-10-05 20:29:27, Passionfruit Wellness,0.00,0.00,0.00,0.00,0.00,1.62,0.00,0.00,1.62,0.81,0.00,0.00
2018-10-05 20:30:58, Mai Tai,0.90,0.00,0.90,0.45,0.00,0.00,0.45,0.22,0.00,0.90,0.00,0.22
2018-10-05 20:32:58, Trader Vic Grog,1.59,0.00,0.00,0.00,0.79,0.00,0.00,0.00,0.79,0.00,0.79,0.00
2018-10-05 20:35:17, Moonlight,0.00,0.00,0.00,0.00,0.00,0.00,0.00,1.35,0.00,0.67,2.02,0.00
2018-10-05 20:38:35, Hurricane,2.02,0.00,0.00,0.00,1.01,0.00,0.00,0.00,1.01,0.00,0.00,0.00
2018-10-05 20:40:52, Pina Colada,0.00,1.01,0.00,0.00,0.00,2.36,0.00,0.00,0.00,0.00,0.67,0.00
2018-10-05 20:43:16, Outrigger,0.00,0.00,2.02,1.01,1.01,0.00,0.00,0.00,0.00,0.00,0.00,0.00
2018-10-05 20:45:56, Trader Vic Grog,1.59,0.00,0.00,0.00,0.79,0.00,0.00,0.00,0.79,0.00,0.79,0.00
2018-10-05 20:47:14, Trader Vic Grog,1.59,0.00,0.00,0.00,0.79,0.00,0.00,0.00,0.79,0.00,0.79,0.00
2018-10-05 20:49:37, Outrigger,0.00,0.00,2.02,1.01,1.01,0.00,0.00,0.00,0.00,0.00,0.00,0.00
2018-10-05 20:51:15, Pieces of Eight,0.00,1.21,0.00,0.00,1.21,0.00,0.00,0.00,1.21,0.40,0.00,0.00
2018-10-05 20:52:25, Mai Tai,0.90,0.00,0.90,0.45,0.00,0.00,0.45,0.22,0.00,0.90,0.00,0.22
2018-10-05 20:57:43, Outrigger,0.00,0.00,2.02,1.01,1.01,0.00,0.00,0.00,0.00,0.00,0.00,0.00
2018-10-05 21:00:20, Outrigger,0.00,0.00,2.02,1.01,1.01,0.00,0.00,0.00,0.00,0.00,0.00,0.00
2018-10-05 21:02:00, Trader Vic Grog,1.59,0.00,0.00,0.00,0.79,0.00,0.00,0.00,0.79,0.00,0.79,0.00
2018-10-05 21:03:29, Pieces of Eight,0.00,1.21,0.00,0.00,1.21,0.00,0.00,0.00,1.21,0.40,0.00,0.00
2018-10-05 21:05:03, Scorpion,0.00,0.93,0.00,0.00,0.69,0.00,1.39,0.00,0.00,0.00,0.69,0.35
2018-10-05 21:07:48, Outrigger,0.00,0.00,2.02,1.01,1.01,0.00,0.00,0.00,0.00,0.00,0.00,0.00
2018-10-05 21:10:58, Scorpion,0.00,0.93,0.00,0.00,0.69,0.00,1.39,0.00,0.00,0.00,0.69,0.35
2018-10-05 21:12:50, Outrigger,0.00,0.00,2.02,1.01,1.01,0.00,0.00,0.00,0.00,0.00,0.00,0.00
2018-10-05 21:14:51, Outrigger,0.00,0.00,2.02,1.01,1.01,0.00,0.00,0.00,0.00,0.00,0.00,0.00
2018-10-05 21:16:28, Outrigger,0.00,0.00,2.02,1.01,1.01,0.00,0.00,0.00,0.00,0.00,0.00,0.00
2018-10-05 21:20:31, Trader Vic Grog,1.59,0.00,0.00,0.00,0.79,0.00,0.00,0.00,0.79,0.00,0.79,0.00
2018-10-05 21:22:31, Trader Vic Grog,1.59,0.00,0.00,0.00,0.79,0.00,0.00,0.00,0.79,0.00,0.79,0.00
2018-10-05 21:24:20, Trader Vic Grog,1.59,0.00,0.00,0.00,0.79,0.00,0.00,0.00,0.79,0.00,0.79,0.00
2018-10-05 21:25:44, Mai Tai,0.90,0.00,0.90,0.45,0.00,0.00,0.45,0.22,0.00,0.90,0.00,0.22
2018-10-05 21:26:52, Mai Tai,0.90,0.00,0.90,0.45,0.00,0.00,0.45,0.22,0.00,0.90,0.00,0.22
2018-10-05 21:28:47, Outrigger,0.00,0.00,2.02,1.01,1.01,0.00,0.00,0.00,0.00,0.00,0.00,0.00
2018-10-05 21:29:55, Mai Tai,0.90,0.00,0.90,0.45,0.00,0.00,0.45,0.22,0.00,0.90,0.00,0.22
2018-10-05 21:31:28, Hurricane,2.02,0.00,0.00,0.00,1.01,0.00,0.00,0.00,1.01,0.00,0.00,0.00
2018-10-05 21:32:33, Mai Tai,0.90,0.00,0.90,0.45,0.00,0.00,0.45,0.22,0.00,0.90,0.00,0.22
2018-10-05 21:35:49, Trader Vic Grog,1.59,0.00,0.00,0.00,0.79,0.00,0.00,0.00,0.79,0.00,0.79,0.00
2018-10-05 21:37:16, Scorpion,0.00,0.93,0.00,0.00,0.69,0.00,1.39,0.00,0.00,0.00,0.69,0.35
2018-10-05 21:39:12, Pina Colada,0.00,1.01,0.00,0.00,0.00,2.36,0.00,0.00,0.00,0.00,0.67,0.00
2018-10-05 21:40:48, Outrigger,0.00,0.00,2.02,1.01,1.01,0.00,0.00,0.00,0.00,0.00,0.00,0.00
2018-10-05 21:42:03, Pieces of Eight,0.00,1.21,0.00,0.00,1.21,0.00,0.00,0.00,1.21,0.40,0.00,0.00
2018-10-05 21:44:26, Outrigger,0.00,0.00,2.02,1.01,1.01,0.00,0.00,0.00,0.00,0.00,0.00,0.00
2018-10-05 21:47:00, Pieces of Eight,0.00,1.21,0.00,0.00,1.21,0.00,0.00,0.00,1.21,0.40,0.00,0.00
2018-10-05 21:54:57, Pieces of Eight,0.00,1.21,0.00,0.00,1.21,0.00,0.00,0.00,1.21,0.40,0.00,0.00
2018-10-05 21:56:24, Mai Tai,0.90,0.00,0.90,0.45,0.00,0.00,0.45,0.22,0.00,0.90,0.00,0.22
2018-10-05 21:58:42, Pina Colada,0.00,1.01,0.00,0.00,0.00,2.36,0.00,0.00,0.00,0.00,0.67,0.00
2018-10-05 22:00:25, Mai Tai,0.90,0.00,0.90,0.45,0.00,0.00,0.45,0.22,0.00,0.90,0.00,0.22
2018-10-05 22:07:13, Trader Vic Grog,1.59,0.00,0.00,0.00,0.79,0.00,0.00,0.00,0.79,0.00,0.79,0.00
2018-10-05 22:08:51, Trader Vic Grog,1.59,0.00,0.00,0.00,0.79,0.00,0.00,0.00,0.79,0.00,0.79,0.00
2018-10-05 22:10:46, Outrigger,0.00,0.00,2.02,1.01,1.01,0.00,0.00,0.00,0.00,0.00,0.00,0.00
2018-10-05 22:13:12, Hurricane,2.02,0.00,0.00,0.00,1.01,0.00,0.00,0.00,1.01,0.00,0.00,0.00
2018-10-05 22:17:33, Chief Lapu Lapu,0.61,0.61,0.00,0.00,0.81,0.00,1.21,0.40,0.40,0.00,0.00,0.00
2018-10-05 22:23:00, Pieces of Eight,0.00,1.21,0.00,0.00,1.21,0.00,0.00,0.00,1.21,0.40,0.00,0.00
2018-10-05 22:24:30, Mai Tai,0.90,0.00,0.90,0.45,0.00,0.00,0.45,0.22,0.00,0.90,0.00,0.22
2018-10-05 22:26:13, Pieces of Eight,0.00,1.21,0.00,0.00,1.21,0.00,0.00,0.00,1.21,0.40,0.00,0.00
2018-10-05 22:27:38, Mai Tai,0.90,0.00,0.90,0.45,0.00,0.00,0.45,0.22,0.00,0.90,0.00,0.22
2018-10-05 22:29:24, Tail-less Scorpion,0.00,0.00,0.00,0.00,0.90,0.00,1.80,0.00,0.00,0.00,0.90,0.45
2018-10-05 22:31:37, Outrigger,0.00,0.00,2.02,1.01,1.01,0.00,0.00,0.00,0.00,0.00,0.00,0.00
2018-10-05 22:33:54, Outrigger,0.00,0.00,2.02,1.01,1.01,0.00,0.00,0.00,0.00,0.00,0.00,0.00
2018-10-05 22:37:21, Mai Tai,0.90,0.00,0.90,0.45,0.00,0.00,0.45,0.22,0.00,0.90,0.00,0.22
2018-10-05 22:43:48, Mai Tai,0.90,0.00,0.90,0.45,0.00,0.00,0.45,0.22,0.00,0.90,0.00,0.22
2018-10-05 22:46:09, Mai Tai,0.90,0.00,0.90,0.45,0.00,0.00,0.45,0.22,0.00,0.90,0.00,0.22
2018-10-05 22:51:25, Trader Vic Grog,1.59,0.00,0.00,0.00,0.79,0.00,0.00,0.00,0.79,0.00,0.79,0.00
2018-10-05 22:58:45, Mai Tai,0.90,0.00,0.90,0.45,0.00,0.00,0.45,0.22,0.00,0.90,0.00,0.22
2018-10-05 23:00:47, Pina Co-nada,0.00,0.00,0.00,0.00,0.00,1.51,0.75,0.00,0.00,0.28,1.51,0.00
2018-10-05 23:02:10, Mai Tai,0.90,0.00,0.90,0.45,0.00,0.00,0.45,0.22,0.00,0.90,0.00,0.22
2018-10-05 23:04:32, Mai Tai,0.90,0.00,0.90,0.45,0.00,0.00,0.45,0.22,0.00,0.90,0.00,0.22
2018-10-05 23:08:05, Mai Tai,0.90,0.00,0.90,0.45,0.00,0.00,0.45,0.22,0.00,0.90,0.00,0.22
2018-10-05 23:10:12, Tail-less Scorpion,0.00,0.00,0.00,0.00,0.90,0.00,1.80,0.00,0.00,0.00,0.90,0.45
2018-10-05 23:11:26, Scorpion,0.00,0.93,0.00,0.00,0.69,0.00,1.39,0.00,0.00,0.00,0.69,0.35
2018-10-05 23:13:25, Scorpion,0.00,0.93,0.00,0.00,0.69,0.00,1.39,0.00,0.00,0.00,0.69,0.35
2018-10-05 23:16:53, Pieces of Eight,0.00,1.21,0.00,0.00,1.21,0.00,0.00,0.00,1.21,0.40,0.00,0.00
2018-10-05 23:18:41, Chief Lapu Lapu,0.61,0.61,0.00,0.00,0.81,0.00,1.21,0.40,0.40,0.00,0.00,0.00
2018-10-05 23:19:48, Mai Tai,0.90,0.00,0.90,0.45,0.00,0.00,0.45,0.22,0.00,0.90,0.00,0.22
2018-10-05 23:21:05, Pieces of Eight,0.00,1.21,0.00,0.00,1.21,0.00,0.00,0.00,1.21,0.40,0.00,0.00
2018-10-05 23:24:09, Trader Vic Grog,1.59,0.00,0.00,0.00,0.79,0.00,0.00,0.00,0.79,0.00,0.79,0.00
2018-10-05 23:25:21, Mai Tai,0.90,0.00,0.90,0.45,0.00,0.00,0.45,0.22,0.00,0.90,0.00,0.22
2018-10-05 23:18:50, Starting up: Mozilla
2018-10-05 23:18:55, Cup, 9.0, max cocktail volume, 4.05, percent cocktail, 45.0%, percent ice, 55.0%
2018-11-30 12:46:09, Starting up: test
2018-11-30 12:46:15, Cup, 1.0, max cocktail volume, 0.45, percent cocktail, 45.0%, percent ice, 55.0%
2018-11-30 12:47:00, Scorpion,0.00,0.10,0.00,0.00,0.08,0.00,0.15,0.00,0.00,0.00,0.08,0.04
2018-11-30 12:47:31, Scorpion,0.00,0.10,0.00,0.00,0.08,0.00,0.15,0.00,0.00,0.00,0.08,0.04
2018-11-30 12:53:06, Mai Tai,0.10,0.00,0.10,0.05,0.00,0.00,0.05,0.03,0.00,0.10,0.00,0.03
2018-11-30 13:14:44, Starting up: test
2018-11-30 13:14:58, Cup, 3.0, max cocktail volume, 1.35, percent cocktail, 45.0%, percent ice, 55.0%
2018-11-30 17:33:49, Cool Coconut,0.00,0.00,0.00,0.00,0.00,0.54,0.27,0.00,0.54,0.00,0.00,0.00
2018-12-01 11:25:35, Starting up: BWX Marketplace!
2018-12-01 11:25:40, Cup, 9.0, max cocktail volume, 4.05, percent cocktail, 45.0%, percent ice, 55.0%
2018-12-01 11:26:43, Starting up: BXW Marketplace!
2018-12-01 11:26:54, Cup, 9.0, max cocktail volume, 4.05, percent cocktail, 45.0%, percent ice, 55.0%
2018-12-01 11:28:55, Starting up: BWX MarketplaCE!
2018-12-01 11:29:00, Cup, 9.0, max cocktail volume, 4.05, percent cocktail, 45.0%, percent ice, 55.0%
2018-12-01 11:32:28, Cool Coconut,0.00,0.00,0.00,0.00,0.00,1.62,0.81,0.00,1.62,0.00,0.00,0.00
2018-12-01 11:42:14, Citrus Sunset,0.00,0.00,0.00,0.00,0.51,2.53,0.51,0.00,0.51,0.00,0.00,0.00
2018-12-01 11:45:15, Moonlight,0.00,0.00,0.00,0.00,0.00,0.00,0.00,1.35,0.00,0.67,2.02,0.00
2018-12-01 11:46:45, Cool Coconut,0.00,0.00,0.00,0.00,0.00,1.62,0.81,0.00,1.62,0.00,0.00,0.00
2018-12-01 11:50:23, Citrus Sunset,0.00,0.00,0.00,0.00,0.51,2.53,0.51,0.00,0.51,0.00,0.00,0.00
2018-12-01 11:53:48, Passionfruit Wellness,0.00,0.00,0.00,0.00,0.00,1.62,0.00,0.00,1.62,0.81,0.00,0.00
2018-12-01 11:57:50, Pina Co-nada,0.00,0.00,0.00,0.00,0.00,1.51,0.75,0.00,0.00,0.28,1.51,0.00
2018-12-01 12:00:07, Pina Co-nada,0.00,0.00,0.00,0.00,0.00,1.51,0.75,0.00,0.00,0.28,1.51,0.00
2018-12-01 12:02:38, Pina Co-nada,0.00,0.00,0.00,0.00,0.00,1.51,0.75,0.00,0.00,0.28,1.51,0.00
2018-12-01 12:13:13, Pina Co-nada,0.00,0.00,0.00,0.00,0.00,1.51,0.75,0.00,0.00,0.28,1.51,0.00
2018-12-01 12:14:43, Pina Co-nada,0.00,0.00,0.00,0.00,0.00,1.51,0.75,0.00,0.00,0.28,1.51,0.00
2018-12-01 12:17:44, Moonlight,0.00,0.00,0.00,0.00,0.00,0.00,0.00,1.35,0.00,0.67,2.02,0.00
2018-12-01 12:19:23, Cool Coconut,0.00,0.00,0.00,0.00,0.00,1.62,0.81,0.00,1.62,0.00,0.00,0.00
2018-12-01 12:21:59, Pina Co-nada,0.00,0.00,0.00,0.00,0.00,1.51,0.75,0.00,0.00,0.28,1.51,0.00
2018-12-01 12:24:05, Moonlight,0.00,0.00,0.00,0.00,0.00,0.00,0.00,1.35,0.00,0.67,2.02,0.00
2018-12-01 12:27:25, Cool Coconut,0.00,0.00,0.00,0.00,0.00,1.62,0.81,0.00,1.62,0.00,0.00,0.00
2018-12-01 12:32:46, Starting up: BWX Marketplace (accidentally exited)
2018-12-01 12:32:51, Cup, 9.0, max cocktail volume, 4.05, percent cocktail, 45.0%, percent ice, 55.0%
2018-12-01 12:34:27, Passionfruit Wellness,0.00,0.00,0.00,0.00,0.00,1.62,0.00,0.00,1.62,0.81,0.00,0.00
2018-12-01 12:40:24, Moonlight,0.00,0.00,0.00,0.00,0.00,0.00,0.00,1.35,0.00,0.67,2.02,0.00
2018-12-01 12:47:54, Cool Coconut,0.00,0.00,0.00,0.00,0.00,1.62,0.81,0.00,1.62,0.00,0.00,0.00
2018-12-01 12:49:51, Cool Coconut,0.00,0.00,0.00,0.00,0.00,1.62,0.81,0.00,1.62,0.00,0.00,0.00
2018-12-01 12:52:59, Pina Co-nada,0.00,0.00,0.00,0.00,0.00,1.51,0.75,0.00,0.00,0.28,1.51,0.00
2018-12-01 12:56:01, Moonlight,0.00,0.00,0.00,0.00,0.00,0.00,0.00,1.35,0.00,0.67,2.02,0.00
2018-12-01 13:06:51, Pina Co-nada,0.00,0.00,0.00,0.00,0.00,1.51,0.75,0.00,0.00,0.28,1.51,0.00
2018-12-01 13:19:36, Citrus Sunset,0.00,0.00,0.00,0.00,0.51,2.53,0.51,0.00,0.51,0.00,0.00,0.00
2018-12-01 13:22:27, Citrus Sunset,0.00,0.00,0.00,0.00,0.51,2.53,0.51,0.00,0.51,0.00,0.00,0.00
2018-12-01 13:30:20, Pina Co-nada,0.00,0.00,0.00,0.00,0.00,1.51,0.75,0.00,0.00,0.28,1.51,0.00
2018-12-01 13:31:29, Pina Co-nada,0.00,0.00,0.00,0.00,0.00,1.51,0.75,0.00,0.00,0.28,1.51,0.00
2018-12-01 13:34:00, Passionfruit Wellness,0.00,0.00,0.00,0.00,0.00,1.62,0.00,0.00,1.62,0.81,0.00,0.00
2018-12-01 13:35:26, Pina Co-nada,0.00,0.00,0.00,0.00,0.00,1.51,0.75,0.00,0.00,0.28,1.51,0.00
2018-12-01 13:36:51, Cool Coconut,0.00,0.00,0.00,0.00,0.00,1.62,0.81,0.00,1.62,0.00,0.00,0.00
2018-12-01 13:39:03, Pina Co-nada,0.00,0.00,0.00,0.00,0.00,1.51,0.75,0.00,0.00,0.28,1.51,0.00
2018-12-01 14:12:56, Starting up: BWX Marketplace! (off break exited again)
2018-12-01 14:13:01, Cup, 9.0, max cocktail volume, 4.05, percent cocktail, 45.0%, percent ice, 55.0%
2018-12-01 14:17:11, Moonlight,0.00,0.00,0.00,0.00,0.00,0.00,0.00,1.35,0.00,0.67,2.02,0.00
2018-12-01 14:22:21, Moonlight,0.00,0.00,0.00,0.00,0.00,0.00,0.00,1.35,0.00,0.67,2.02,0.00
2018-12-01 14:23:56, Moonlight,0.00,0.00,0.00,0.00,0.00,0.00,0.00,1.35,0.00,0.67,2.02,0.00
2018-12-01 14:29:14, Pina Co-nada,0.00,0.00,0.00,0.00,0.00,1.51,0.75,0.00,0.00,0.28,1.51,0.00
2018-12-01 14:31:21, Moonlight,0.00,0.00,0.00,0.00,0.00,0.00,0.00,1.35,0.00,0.67,2.02,0.00
2018-12-01 14:37:58, Tail-less Scorpion,0.00,0.00,0.00,0.00,0.90,0.00,1.80,0.00,0.00,0.00,0.90,0.45
2018-12-01 14:40:04, Tail-less Scorpion,0.00,0.00,0.00,0.00,0.90,0.00,1.80,0.00,0.00,0.00,0.90,0.45
2018-12-01 14:42:55, Pina Co-nada,0.00,0.00,0.00,0.00,0.00,1.51,0.75,0.00,0.00,0.28,1.51,0.00
2018-12-01 14:44:18, Passionfruit Wellness,0.00,0.00,0.00,0.00,0.00,1.62,0.00,0.00,1.62,0.81,0.00,0.00
2018-12-01 14:45:59, Pina Co-nada,0.00,0.00,0.00,0.00,0.00,1.51,0.75,0.00,0.00,0.28,1.51,0.00
2018-12-01 14:47:27, Tail-less Scorpion,0.00,0.00,0.00,0.00,0.90,0.00,1.80,0.00,0.00,0.00,0.90,0.45
2018-12-01 14:49:15, Moonlight,0.00,0.00,0.00,0.00,0.00,0.00,0.00,1.35,0.00,0.67,2.02,0.00
2018-12-01 14:52:45, Moonlight,0.00,0.00,0.00,0.00,0.00,0.00,0.00,1.35,0.00,0.67,2.02,0.00
2018-12-01 14:54:45, Pina Co-nada,0.00,0.00,0.00,0.00,0.00,1.51,0.75,0.00,0.00,0.28,1.51,0.00
2018-12-01 14:58:00, Pina Co-nada,0.00,0.00,0.00,0.00,0.00,1.51,0.75,0.00,0.00,0.28,1.51,0.00
2018-12-01 14:59:53, Pina Co-nada,0.00,0.00,0.00,0.00,0.00,1.51,0.75,0.00,0.00,0.28,1.51,0.00
2018-12-01 15:04:33, Pina Co-nada,0.00,0.00,0.00,0.00,0.00,1.51,0.75,0.00,0.00,0.28,1.51,0.00
2018-12-01 15:36:47, Starting up: Home
2018-12-01 15:37:26, Cup, 1.0, max cocktail volume, 0.45, percent cocktail, 45.0%, percent ice, 55.0%
2019-03-09 17:04:29, Starting up: test
2019-03-09 17:04:33, Cup, 1.0, max cocktail volume, 0.45, percent cocktail, 45.0%, percent ice, 55.0%
2019-03-09 17:08:05, Outrigger,0.00,0.00,0.22,0.11,0.11,0.00,0.00,0.00,0.00,0.00,0.00,0.00
2019-03-09 17:10:02, Mai Tai,0.10,0.00,0.10,0.05,0.00,0.00,0.05,0.03,0.00,0.10,0.00,0.03
2019-03-09 17:10:47, Pieces of Eight,0.00,0.14,0.00,0.00,0.14,0.00,0.00,0.00,0.14,0.04,0.00,0.00
2019-03-09 17:33:56, Mai Tai,0.10,0.00,0.10,0.05,0.00,0.00,0.05,0.03,0.00,0.10,0.00,0.03
2019-03-09 17:44:54, Starting up: 
2019-03-09 17:44:59, Cup, 9.0, max cocktail volume, 4.05, percent cocktail, 45.0%, percent ice, 55.0%
2019-03-09 17:46:40, Trader Vic Grog,1.59,0.00,0.00,0.00,0.79,0.00,0.00,0.00,0.79,0.00,0.79,0.00
2019-03-09 17:48:53, Trader Vic Grog,1.59,0.00,0.00,0.00,0.79,0.00,0.00,0.00,0.79,0.00,0.79,0.00
2019-03-09 18:04:48, Starting up: 
2019-03-09 18:04:53, Cup, 9.0, max cocktail volume, 4.05, percent cocktail, 45.0%, percent ice, 55.0%
2019-03-09 18:07:09, Starting up: 
2019-03-09 18:07:14, Cup, 9.0, max cocktail volume, 4.05, percent cocktail, 45.0%, percent ice, 55.0%
2019-03-09 18:08:52, Starting up: 
2019-03-09 18:08:57, Cup, 9.0, max cocktail volume, 4.05, percent cocktail, 45.0%, percent ice, 55.0%
2019-03-09 18:10:09, Starting up: 
2019-03-09 18:10:14, Cup, 9.0, max cocktail volume, 4.05, percent cocktail, 45.0%, percent ice, 55.0%
2019-03-09 19:44:17, Starting up: 
2019-03-09 19:44:22, Cup, 9.0, max cocktail volume, 4.05, percent cocktail, 45.0%, percent ice, 55.0%
2019-03-09 19:48:32, Starting up: 
2019-03-09 19:48:36, Cup, 9.0, max cocktail volume, 4.05, percent cocktail, 45.0%, percent ice, 55.0%
2019-03-09 19:56:59, Starting up: 
2019-03-09 19:57:04, Cup, 9.0, max cocktail volume, 4.05, percent cocktail, 45.0%, percent ice, 55.0%
2019-03-09 19:57:44, Starting up: 
2019-03-09 19:57:49, Cup, 9.0, max cocktail volume, 4.05, percent cocktail, 45.0%, percent ice, 55.0%
2019-03-09 20:16:36, Starting up: 
2019-03-09 20:16:41, Cup, 9.0, max cocktail volume, 4.05, percent cocktail, 45.0%, percent ice, 55.0%
2019-03-09 20:17:32, Starting up: 
2019-03-09 20:17:37, Cup, 9.0, max cocktail volume, 4.05, percent cocktail, 45.0%, percent ice, 55.0%
2019-03-09 20:19:51, Starting up: 
2019-03-09 20:19:56, Cup, 9.0, max cocktail volume, 4.05, percent cocktail, 45.0%, percent ice, 55.0%
2019-03-09 20:24:52, Starting up: 
2019-03-09 20:24:57, Cup, 9.0, max cocktail volume, 4.05, percent cocktail, 45.0%, percent ice, 55.0%
2019-03-09 20:26:09, Trader Vic Grog,1.59,0.00,0.00,0.00,0.79,0.00,0.00,0.00,0.79,0.00,0.79,0.00
2019-03-09 20:28:20, Starting up: 
2019-03-09 20:28:25, Cup, 9.0, max cocktail volume, 4.05, percent cocktail, 45.0%, percent ice, 55.0%
2019-03-09 20:29:34, Trader Vic Grog,1.59,0.00,0.00,0.00,0.79,0.00,0.00,0.00,0.79,0.00,0.79,0.00
2019-03-09 20:36:04, Starting up: 
2019-03-09 20:36:09, Cup, 9.0, max cocktail volume, 4.05, percent cocktail, 45.0%, percent ice, 55.0%
2019-03-09 20:37:22, Trader Vic Grog,1.59,0.00,0.00,0.00,0.79,0.00,0.00,0.00,0.79,0.00,0.79,0.00
2019-03-09 20:39:17, Starting up: 
2019-03-09 20:39:22, Cup, 9.0, max cocktail volume, 4.05, percent cocktail, 45.0%, percent ice, 55.0%
2019-03-09 20:42:56, Starting up: 
2019-03-09 20:43:01, Cup, 9.0, max cocktail volume, 4.05, percent cocktail, 45.0%, percent ice, 55.0%
2019-03-09 20:44:18, Trader Vic Grog,1.59,0.00,0.00,0.00,0.79,0.00,0.00,0.00,0.79,0.00,0.79,0.00
2019-03-09 21:00:33, Starting up: 
2019-03-09 21:00:38, Cup, 9.0, max cocktail volume, 4.05, percent cocktail, 45.0%, percent ice, 55.0%
2019-03-09 21:02:00, Trader Vic Grog,1.59,0.00,0.00,0.00,0.79,0.00,0.00,0.00,0.79,0.00,0.79,0.00
2019-03-09 21:15:33, Starting up: 
2019-03-09 21:15:38, Cup, 9.0, max cocktail volume, 4.05, percent cocktail, 45.0%, percent ice, 55.0%
2019-03-09 21:25:53, Starting up: 
2019-03-09 21:25:58, Cup, 9.0, max cocktail volume, 4.05, percent cocktail, 45.0%, percent ice, 55.0%
2019-03-09 21:35:07, Starting up: 
2019-03-09 21:35:12, Cup, 9.0, max cocktail volume, 4.05, percent cocktail, 45.0%, percent ice, 55.0%
2019-03-09 21:39:51, Starting up: 
2019-03-09 21:39:56, Cup, 1.0, max cocktail volume, 0.45, percent cocktail, 45.0%, percent ice, 55.0%
2019-03-09 21:40:25, Chief Lapu Lapu,0.07,0.07,0.00,0.00,0.09,0.00,0.14,0.04,0.04,0.00,0.00,0.00
2019-03-09 21:42:10, Starting up: 
2019-03-09 21:42:15, Cup, 1.0, max cocktail volume, 0.45, percent cocktail, 45.0%, percent ice, 55.0%
2019-03-09 21:42:51, Citrus Sunset,0.00,0.00,0.00,0.00,0.06,0.28,0.06,0.00,0.06,0.00,0.00,0.00
2019-03-09 21:44:22, Chief Lapu Lapu,0.07,0.07,0.00,0.00,0.09,0.00,0.14,0.04,0.04,0.00,0.00,0.00
2019-03-09 21:45:24, Outrigger,0.00,0.00,0.22,0.11,0.11,0.00,0.00,0.00,0.00,0.00,0.00,0.00
2019-03-09 21:45:43, Scorpion,0.00,0.10,0.00,0.00,0.08,0.00,0.15,0.00,0.00,0.00,0.08,0.04
2019-03-09 21:46:10, Hurricane,0.23,0.00,0.00,0.00,0.11,0.00,0.00,0.00,0.11,0.00,0.00,0.00
2019-03-09 21:46:26, Mai Tai,0.10,0.00,0.10,0.05,0.00,0.00,0.05,0.03,0.00,0.10,0.00,0.03
2019-03-09 21:47:26, Moonlight,0.00,0.00,0.00,0.00,0.00,0.00,0.00,0.15,0.00,0.07,0.22,0.00
2019-03-09 21:47:53, Pieces of Eight,0.00,0.14,0.00,0.00,0.14,0.00,0.00,0.00,0.14,0.04,0.00,0.00
2019-03-09 21:48:13, Trader Vic Grog,0.18,0.00,0.00,0.00,0.09,0.00,0.00,0.00,0.09,0.00,0.09,0.00
2019-03-09 21:48:40, Cool Coconut,0.00,0.00,0.00,0.00,0.00,0.18,0.09,0.00,0.18,0.00,0.00,0.00
2019-03-09 21:49:07, Tail-less Scorpion,0.00,0.00,0.00,0.00,0.10,0.00,0.20,0.00,0.00,0.00,0.10,0.05
2019-03-09 21:55:45, Starting up: 
2019-03-09 21:55:50, Cup, 9.0, max cocktail volume, 4.05, percent cocktail, 45.0%, percent ice, 55.0%
2019-03-09 21:55:59, Starting up: 
2019-03-09 21:56:04, Cup, 1.0, max cocktail volume, 0.45, percent cocktail, 45.0%, percent ice, 55.0%
2019-03-09 21:56:40, Pina Colada,0.00,0.11,0.00,0.00,0.00,0.26,0.00,0.00,0.00,0.00,0.07,0.00
2019-03-09 21:57:10, Pina Co-nada,0.00,0.00,0.00,0.00,0.00,0.17,0.08,0.00,0.00,0.03,0.17,0.00
2019-03-09 21:57:32, Passionfruit Wellness,0.00,0.00,0.00,0.00,0.00,0.18,0.00,0.00,0.18,0.09,0.00,0.00
2019-03-09 22:06:12, Starting up: 
2019-03-09 22:06:17, Cup, 0, max cocktail volume, 0.0, percent cocktail, 45.0%, percent ice, 55.0%
2019-03-09 22:09:38, Starting up: 
2019-03-09 22:09:43, Cup, 0, max cocktail volume, 0.0, percent cocktail, 45.0%, percent ice, 55.0%
2019-03-09 22:14:25, Starting up: 
2019-03-09 22:14:30, Cup, 0, max cocktail volume, 0.0, percent cocktail, 45.0%, percent ice, 55.0%
2019-03-09 22:15:39, Starting up: 
2019-03-09 22:15:44, Cup, 0.333333333333, max cocktail volume, 0.15, percent cocktail, 45.0%, percent ice, 55.0%
2019-03-09 22:17:40, Starting up: 
2019-03-09 22:18:09, Starting up: 
2019-03-09 22:18:14, Cup, 0.333333333333, max cocktail volume, 0.15, percent cocktail, 45.0%, percent ice, 55.0%
