2016-06-27 20:05:34, Hawaiian Eye,0.00,0.17,0.33,0.00,0.00,0.17,0.00,0.17,0.00,0.17,0.00,0.00
2016-06-27 22:05:11, Trader Vic Grog,3.18,0.00,0.00,0.00,1.59,0.00,0.00,0.00,1.59,0.00,1.59,0.00
2016-06-27 22:13:50, Trader Vic Grog,3.18,0.00,0.00,0.00,1.59,0.00,0.00,0.00,1.59,0.00,1.59,0.00
2016-06-28 12:36:41, Hawaiian Eye,0.00,0.53,1.05,0.00,0.00,0.53,0.00,0.53,0.00,0.53,0.00,0.00
2016-06-28 13:47:24, Trader Vic Grog,2.65,0.00,0.00,0.00,1.32,0.00,0.00,0.00,1.32,0.00,1.32,0.00
2016-06-28 13:49:49, Hurricane,3.38,0.00,0.00,0.00,1.69,0.00,0.00,0.00,1.69,0.00,0.00,0.00
2016-06-28 14:12:51, Trader Vic Grog,1.59,0.00,0.00,0.00,0.79,0.00,0.00,0.00,0.79,0.00,0.79,0.00
2016-06-30 10:36:01, Hawaiian Eye,0.00,0.23,0.45,0.00,0.00,0.23,0.00,0.23,0.00,0.23,0.00,0.00
2016-06-30 11:48:28, Hawaiian Eye,0.00,0.23,0.45,0.00,0.00,0.23,0.00,0.23,0.00,0.23,0.00,0.00
2016-06-30 11:50:14, Hawaiian Eye,0.00,1.35,2.70,0.00,0.00,1.35,0.00,1.35,0.00,1.35,0.00,0.00
2016-06-30 14:43:21, Checksum,,1.00,1.00,1.00,1.00,1.00,1.00,1.00,1.00,1.00,1.00,1.00,1.00
2016-07-02 14:54:19, Hawaiian Eye,0.00,0.23,0.45,0.00,0.00,0.23,0.00,0.23,0.00,0.23,0.00,0.00
2016-07-02 15:10:27, Hawaiian Eye,0.00,0.23,0.45,0.00,0.00,0.23,0.00,0.23,0.00,0.23,0.00,0.00
2016-07-02 15:15:32, Hawaiian Eye,0.00,0.23,0.45,0.00,0.00,0.23,0.00,0.23,0.00,0.23,0.00,0.00
2016-07-02 19:23:48, Chief Lapu Lapu,0.20,0.20,0.00,0.00,0.27,0.00,0.41,0.14,0.14,0.00,0.00,0.00
2016-07-02 19:31:18, Chief Lapu Lapu,0.20,0.20,0.00,0.00,0.27,0.00,0.41,0.14,0.14,0.00,0.00,0.00
2016-07-02 19:31:34, Chief Lapu Lapu,0.20,0.20,0.00,0.00,0.27,0.00,0.41,0.14,0.14,0.00,0.00,0.00
2016-07-02 19:54:06, Chief Lapu Lapu,0.20,0.20,0.00,0.00,0.27,0.00,0.41,0.14,0.14,0.00,0.00,0.00
2016-07-03 00:52:16, Chief Lapu Lapu,0.20,0.20,0.00,0.00,0.27,0.00,0.41,0.14,0.14,0.00,0.00,0.00
2016-07-03 00:54:55, Chief Lapu Lapu,0.20,0.20,0.00,0.00,0.27,0.00,0.41,0.14,0.14,0.00,0.00,0.00
2016-07-03 00:56:39, Chief Lapu Lapu,0.14,0.14,0.00,0.00,0.18,0.00,0.27,0.09,0.09,0.00,0.00,0.00
2016-07-03 00:56:56, Chief Lapu Lapu,0.14,0.14,0.00,0.00,0.18,0.00,0.27,0.09,0.09,0.00,0.00,0.00
2016-07-03 01:10:39, Chief Lapu Lapu,0.20,0.20,0.00,0.00,0.27,0.00,0.41,0.14,0.14,0.00,0.00,0.00
2016-07-03 01:14:52, Chief Lapu Lapu,0.07,0.07,0.00,0.00,0.09,0.00,0.14,0.04,0.04,0.00,0.00,0.00
2016-07-03 01:16:22, Chief Lapu Lapu,0.20,0.20,0.00,0.00,0.27,0.00,0.41,0.14,0.14,0.00,0.00,0.00
2016-07-03 01:17:26, Chief Lapu Lapu,0.07,0.07,0.00,0.00,0.09,0.00,0.14,0.04,0.04,0.00,0.00,0.00
2016-07-03 01:17:50, Chief Lapu Lapu,0.07,0.07,0.00,0.00,0.09,0.00,0.14,0.04,0.04,0.00,0.00,0.00
2016-07-03 01:18:38, Chief Lapu Lapu,0.07,0.07,0.00,0.00,0.09,0.00,0.14,0.04,0.04,0.00,0.00,0.00
2016-07-03 01:20:21, Chief Lapu Lapu,0.07,0.07,0.00,0.00,0.09,0.00,0.14,0.04,0.04,0.00,0.00,0.00
2016-07-03 01:20:52, Chief Lapu Lapu,0.07,0.07,0.00,0.00,0.09,0.00,0.14,0.04,0.04,0.00,0.00,0.00
2016-07-03 01:28:54, Chief Lapu Lapu,0.07,0.07,0.00,0.00,0.09,0.00,0.14,0.04,0.04,0.00,0.00,0.00
2016-07-03 01:30:50, Chief Lapu Lapu,0.07,0.07,0.00,0.00,0.09,0.00,0.14,0.04,0.04,0.00,0.00,0.00
2016-07-03 01:34:10, Chief Lapu Lapu,0.07,0.07,0.00,0.00,0.09,0.00,0.14,0.04,0.04,0.00,0.00,0.00
2016-07-03 01:34:51, Chief Lapu Lapu,0.07,0.07,0.00,0.00,0.09,0.00,0.14,0.04,0.04,0.00,0.00,0.00
2016-07-03 01:36:26, Chief Lapu Lapu,0.07,0.07,0.00,0.00,0.09,0.00,0.14,0.04,0.04,0.00,0.00,0.00
2016-07-03 01:36:48, Chief Lapu Lapu,0.07,0.07,0.00,0.00,0.09,0.00,0.14,0.04,0.04,0.00,0.00,0.00
2016-07-03 01:39:00, Chief Lapu Lapu,0.07,0.07,0.00,0.00,0.09,0.00,0.14,0.04,0.04,0.00,0.00,0.00
2016-07-03 01:39:10, Chief Lapu Lapu,0.07,0.07,0.00,0.00,0.09,0.00,0.14,0.04,0.04,0.00,0.00,0.00
2016-07-03 01:39:19, Chief Lapu Lapu,0.07,0.07,0.00,0.00,0.09,0.00,0.14,0.04,0.04,0.00,0.00,0.00
2016-07-03 01:39:37, Chief Lapu Lapu,0.07,0.07,0.00,0.00,0.09,0.00,0.14,0.04,0.04,0.00,0.00,0.00
2016-07-03 01:41:05, Chief Lapu Lapu,0.07,0.07,0.00,0.00,0.09,0.00,0.14,0.04,0.04,0.00,0.00,0.00
2016-07-03 09:46:29, Chief Lapu Lapu,0.07,0.07,0.00,0.00,0.09,0.00,0.14,0.04,0.04,0.00,0.00,0.00
2016-07-03 09:52:45, Chief Lapu Lapu,0.07,0.07,0.00,0.00,0.09,0.00,0.14,0.04,0.04,0.00,0.00,0.00
2016-07-03 14:27:53, Chief Lapu Lapu,0.07,0.07,0.00,0.00,0.09,0.00,0.14,0.04,0.04,0.00,0.00,0.00
2016-07-03 14:28:06, Chief Lapu Lapu,0.07,0.07,0.00,0.00,0.09,0.00,0.14,0.04,0.04,0.00,0.00,0.00
2016-07-03 14:29:47, Chief Lapu Lapu,0.07,0.07,0.00,0.00,0.09,0.00,0.14,0.04,0.04,0.00,0.00,0.00
2016-07-03 14:42:12, Chief Lapu Lapu,0.07,0.07,0.00,0.00,0.09,0.00,0.14,0.04,0.04,0.00,0.00,0.00
2016-07-03 14:42:46, Chief Lapu Lapu,0.07,0.07,0.00,0.00,0.09,0.00,0.14,0.04,0.04,0.00,0.00,0.00
2016-07-03 14:43:34, Chief Lapu Lapu,0.07,0.07,0.00,0.00,0.09,0.00,0.14,0.04,0.04,0.00,0.00,0.00
2016-07-03 14:49:45, Chief Lapu Lapu,0.07,0.07,0.00,0.00,0.09,0.00,0.14,0.04,0.04,0.00,0.00,0.00
2016-07-03 15:04:31, Chief Lapu Lapu,0.07,0.07,0.00,0.00,0.09,0.00,0.14,0.04,0.04,0.00,0.00,0.00
2016-07-03 15:08:58, Chief Lapu Lapu,0.07,0.07,0.00,0.00,0.09,0.00,0.14,0.04,0.04,0.00,0.00,0.00
2016-07-03 15:09:14, Chief Lapu Lapu,0.07,0.07,0.00,0.00,0.09,0.00,0.14,0.04,0.04,0.00,0.00,0.00
2016-07-03 15:09:23, Chief Lapu Lapu,0.07,0.07,0.00,0.00,0.09,0.00,0.14,0.04,0.04,0.00,0.00,0.00
2016-07-03 15:09:33, Chief Lapu Lapu,0.07,0.07,0.00,0.00,0.09,0.00,0.14,0.04,0.04,0.00,0.00,0.00
2016-07-03 15:09:41, Chief Lapu Lapu,0.07,0.07,0.00,0.00,0.09,0.00,0.14,0.04,0.04,0.00,0.00,0.00
2016-07-03 15:09:48, Chief Lapu Lapu,0.07,0.07,0.00,0.00,0.09,0.00,0.14,0.04,0.04,0.00,0.00,0.00
2016-07-03 15:09:58, Chief Lapu Lapu,0.07,0.07,0.00,0.00,0.09,0.00,0.14,0.04,0.04,0.00,0.00,0.00
2016-07-03 15:10:04, Chief Lapu Lapu,0.07,0.07,0.00,0.00,0.09,0.00,0.14,0.04,0.04,0.00,0.00,0.00
2016-07-03 15:10:11, Chief Lapu Lapu,0.07,0.07,0.00,0.00,0.09,0.00,0.14,0.04,0.04,0.00,0.00,0.00
2016-07-03 15:10:18, Chief Lapu Lapu,0.07,0.07,0.00,0.00,0.09,0.00,0.14,0.04,0.04,0.00,0.00,0.00
2016-07-03 15:10:36, Tail-less Scorpion,0.00,0.00,0.00,0.00,0.10,0.00,0.20,0.00,0.00,0.00,0.10,0.05
2016-07-03 15:10:45, Tail-less Scorpion,0.00,0.00,0.00,0.00,0.10,0.00,0.20,0.00,0.00,0.00,0.10,0.05
2016-07-03 15:10:54, Tail-less Scorpion,0.00,0.00,0.00,0.00,0.10,0.00,0.20,0.00,0.00,0.00,0.10,0.05
2016-07-03 15:11:03, Chief Lapu Lapu,0.07,0.07,0.00,0.00,0.09,0.00,0.14,0.04,0.04,0.00,0.00,0.00
2016-07-03 15:11:12, Tail-less Scorpion,0.00,0.00,0.00,0.00,0.10,0.00,0.20,0.00,0.00,0.00,0.10,0.05
2016-07-03 15:11:48, Tail-less Scorpion,0.00,0.00,0.00,0.00,0.10,0.00,0.20,0.00,0.00,0.00,0.10,0.05
2016-07-03 15:11:56, Chief Lapu Lapu,0.07,0.07,0.00,0.00,0.09,0.00,0.14,0.04,0.04,0.00,0.00,0.00
2016-07-03 15:12:05, Tail-less Scorpion,0.00,0.00,0.00,0.00,0.10,0.00,0.20,0.00,0.00,0.00,0.10,0.05
2016-07-03 15:12:55, Chief Lapu Lapu,0.07,0.07,0.00,0.00,0.09,0.00,0.14,0.04,0.04,0.00,0.00,0.00
2016-07-03 15:13:04, Tail-less Scorpion,0.00,0.00,0.00,0.00,0.10,0.00,0.20,0.00,0.00,0.00,0.10,0.05
2016-07-03 15:22:32, Chief Lapu Lapu,0.07,0.07,0.00,0.00,0.09,0.00,0.14,0.04,0.04,0.00,0.00,0.00
2016-07-03 15:46:59, Chief Lapu Lapu,0.07,0.07,0.00,0.00,0.09,0.00,0.14,0.04,0.04,0.00,0.00,0.00
2016-07-03 17:06:31, Tail-less Scorpion,0.00,0.00,0.00,0.00,0.10,0.00,0.20,0.00,0.00,0.00,0.10,0.05
2016-07-03 18:07:21, Tail-less Scorpion,0.00,0.00,0.00,0.00,0.10,0.00,0.20,0.00,0.00,0.00,0.10,0.05
2016-07-03 18:36:17, Tail-less Scorpion,0.00,0.00,0.00,0.00,0.10,0.00,0.20,0.00,0.00,0.00,0.10,0.05
2016-07-03 18:38:13, Tail-less Scorpion,0.00,0.00,0.00,0.00,0.10,0.00,0.20,0.00,0.00,0.00,0.10,0.05
2016-07-03 18:40:01, Tail-less Scorpion,0.00,0.00,0.00,0.00,0.10,0.00,0.20,0.00,0.00,0.00,0.10,0.05
2016-07-03 18:43:29, Tail-less Scorpion,0.00,0.00,0.00,0.00,0.10,0.00,0.20,0.00,0.00,0.00,0.10,0.05
2016-07-03 18:47:31, Tail-less Scorpion,0.00,0.00,0.00,0.00,1.80,0.00,3.60,0.00,0.00,0.00,1.80,0.90
2016-07-04 07:25:37, Tail-less Scorpion,0.00,0.00,0.00,0.00,0.10,0.00,0.20,0.00,0.00,0.00,0.10,0.05
2016-07-04 07:33:28, Tail-less Scorpion,0.00,0.00,0.00,0.00,0.10,0.00,0.20,0.00,0.00,0.00,0.10,0.05
2016-07-04 10:10:41, Tail-less Scorpion,0.00,0.00,0.00,0.00,0.10,0.00,0.20,0.00,0.00,0.00,0.10,0.05
2016-07-04 12:55:30, Chief Lapu Lapu,0.07,0.07,0.00,0.00,0.09,0.00,0.14,0.04,0.04,0.00,0.00,0.00
2016-07-04 13:09:40, Chief Lapu Lapu,0.07,0.07,0.00,0.00,0.09,0.00,0.14,0.04,0.04,0.00,0.00,0.00
2016-07-04 13:30:13, Chief Lapu Lapu,0.07,0.07,0.00,0.00,0.09,0.00,0.14,0.04,0.04,0.00,0.00,0.00
2016-07-04 13:32:23, Chief Lapu Lapu,0.07,0.07,0.00,0.00,0.09,0.00,0.14,0.04,0.04,0.00,0.00,0.00
2016-07-04 13:33:24, Chief Lapu Lapu,0.07,0.07,0.00,0.00,0.09,0.00,0.14,0.04,0.04,0.00,0.00,0.00
2016-07-04 13:35:20, Chief Lapu Lapu,0.07,0.07,0.00,0.00,0.09,0.00,0.14,0.04,0.04,0.00,0.00,0.00
2016-07-04 13:47:07, Chief Lapu Lapu,0.07,0.07,0.00,0.00,0.09,0.00,0.14,0.04,0.04,0.00,0.00,0.00
2016-07-04 13:48:40, Chief Lapu Lapu,0.07,0.07,0.00,0.00,0.09,0.00,0.14,0.04,0.04,0.00,0.00,0.00
2016-07-04 13:50:07, Chief Lapu Lapu,0.07,0.07,0.00,0.00,0.09,0.00,0.14,0.04,0.04,0.00,0.00,0.00
2016-07-04 13:52:08, Chief Lapu Lapu,0.07,0.07,0.00,0.00,0.09,0.00,0.14,0.04,0.04,0.00,0.00,0.00
2016-07-04 13:52:23, Chief Lapu Lapu,0.07,0.07,0.00,0.00,0.09,0.00,0.14,0.04,0.04,0.00,0.00,0.00
2016-07-04 13:59:29, Chief Lapu Lapu,0.07,0.07,0.00,0.00,0.09,0.00,0.14,0.04,0.04,0.00,0.00,0.00
2016-07-04 13:59:45, Chief Lapu Lapu,0.07,0.07,0.00,0.00,0.09,0.00,0.14,0.04,0.04,0.00,0.00,0.00
2016-07-04 14:01:03, Chief Lapu Lapu,0.07,0.07,0.00,0.00,0.09,0.00,0.14,0.04,0.04,0.00,0.00,0.00
2016-07-04 14:12:05, Chief Lapu Lapu,0.07,0.07,0.00,0.00,0.09,0.00,0.14,0.04,0.04,0.00,0.00,0.00
2016-07-04 14:16:03, Chief Lapu Lapu,0.07,0.07,0.00,0.00,0.09,0.00,0.14,0.04,0.04,0.00,0.00,0.00
2016-07-04 14:25:38, Chief Lapu Lapu,0.07,0.07,0.00,0.00,0.09,0.00,0.14,0.04,0.04,0.00,0.00,0.00
2016-07-04 14:26:28, Checksum,,1.00,1.00,1.00,1.00,1.00,1.00,1.00,1.00,1.00,1.00,1.00,1.00
2016-07-04 14:27:43, Checksum,,1.00,1.00,1.00,1.00,1.00,1.00,1.00,1.00,1.00,1.00,1.00,1.00
2016-07-04 14:28:22, Chief Lapu Lapu,0.07,0.07,0.00,0.00,0.09,0.00,0.14,0.04,0.04,0.00,0.00,0.00
2016-07-04 14:28:33, Chief Lapu Lapu,0.07,0.07,0.00,0.00,0.09,0.00,0.14,0.04,0.04,0.00,0.00,0.00
2016-07-05 11:23:22, Chief Lapu Lapu,0.07,0.07,0.00,0.00,0.09,0.00,0.14,0.04,0.04,0.00,0.00,0.00
2016-07-05 11:23:34, Chief Lapu Lapu,0.07,0.07,0.00,0.00,0.09,0.00,0.14,0.04,0.04,0.00,0.00,0.00
2016-07-05 11:48:07, Chief Lapu Lapu,0.07,0.07,0.00,0.00,0.09,0.00,0.14,0.04,0.04,0.00,0.00,0.00
2016-07-05 11:48:22, Tail-less Scorpion,0.00,0.00,0.00,0.00,0.10,0.00,0.20,0.00,0.00,0.00,0.10,0.05
2016-07-05 11:48:38, Chief Lapu Lapu,0.07,0.07,0.00,0.00,0.09,0.00,0.14,0.04,0.04,0.00,0.00,0.00
2016-07-05 11:49:01, Hawaiian Eye,0.00,0.07,0.15,0.00,0.00,0.07,0.00,0.07,0.00,0.07,0.00,0.00
2016-07-05 12:15:29, Chief Lapu Lapu,0.07,0.07,0.00,0.00,0.09,0.00,0.14,0.04,0.04,0.00,0.00,0.00
2016-07-05 12:17:25, Tail-less Scorpion,0.00,0.00,0.00,0.00,0.10,0.00,0.20,0.00,0.00,0.00,0.10,0.05
2016-07-05 12:18:16, Tail-less Scorpion,0.00,0.00,0.00,0.00,0.10,0.00,0.20,0.00,0.00,0.00,0.10,0.05
2016-07-05 12:20:26, Hawaiian Eye,0.00,0.07,0.15,0.00,0.00,0.07,0.00,0.07,0.00,0.07,0.00,0.00
2016-07-06 13:10:40, Mai Tai,0.10,0.00,0.10,0.05,0.00,0.00,0.05,0.03,0.00,0.10,0.00,0.03
2016-07-06 13:10:59, Mai Tai,0.10,0.00,0.10,0.05,0.00,0.00,0.05,0.03,0.00,0.10,0.00,0.03
2016-07-06 13:11:19, Mai Tai,0.10,0.00,0.10,0.05,0.00,0.00,0.05,0.03,0.00,0.10,0.00,0.03
2016-07-06 13:11:37, Tail-less Scorpion,0.00,0.00,0.00,0.00,0.10,0.00,0.20,0.00,0.00,0.00,0.10,0.05
2016-07-06 13:13:48, Tail-less Scorpion,0.00,0.00,0.00,0.00,0.10,0.00,0.20,0.00,0.00,0.00,0.10,0.05
2016-07-06 13:16:56, Mai Tai,0.10,0.00,0.10,0.05,0.00,0.00,0.05,0.03,0.00,0.10,0.00,0.03
2016-07-06 13:17:09, Tail-less Scorpion,0.00,0.00,0.00,0.00,0.10,0.00,0.20,0.00,0.00,0.00,0.10,0.05
2016-07-06 13:18:51, Tail-less Scorpion,0.00,0.00,0.00,0.00,0.10,0.00,0.20,0.00,0.00,0.00,0.10,0.05
2016-07-06 13:34:44, Starting up.
2016-07-06 13:35:12, Starting up.
2016-07-06 13:35:14, Cup,1.0, max cocktail volume, 0.45, percent cocktail, 45.0%
2016-07-06 13:35:27, Tail-less Scorpion,0.00,0.00,0.00,0.00,0.10,0.00,0.20,0.00,0.00,0.00,0.10,0.05
2016-07-06 13:42:40, Starting up.
2016-07-06 13:42:41, Cup: 1.0 - max cocktail volume: 0.45 - percent cocktail: 45.0% - percent ice: 45.0%
2016-07-06 13:42:55, Mai Tai,0.10,0.00,0.10,0.05,0.00,0.00,0.05,0.03,0.00,0.10,0.00,0.03
2016-07-06 13:43:45, Starting up.
2016-07-06 13:43:46, Cup, 1.0, max cocktail volume, 0.45, percent cocktail, 45.0%, percent ice, 45.0%
2016-07-06 13:51:26, Starting up.
2016-07-06 13:51:29, Cup, 1.0, max cocktail volume, 0.45, percent cocktail, 45.0%, percent ice, 45.0%
2016-07-06 13:52:05, Starting up.
2016-07-06 13:52:07, Cup, 1.0, max cocktail volume, 0.45, percent cocktail, 45.0%, percent ice, 45.0%
2016-07-06 13:52:16, Cup, 2.0, max cocktail volume, 0.9, percent cocktail, 45.0%, percent ice, 45.0%
2016-07-06 13:52:38, Tail-less Scorpion,0.00,0.00,0.00,0.00,0.20,0.00,0.40,0.00,0.00,0.00,0.20,0.10
2016-07-06 13:53:06, Tail-less Scorpion,0.00,0.00,0.00,0.00,0.20,0.00,0.40,0.00,0.00,0.00,0.20,0.10
2016-07-06 13:54:29, Starting up.
2016-07-06 13:54:30, Cup, 1.0, max cocktail volume, 0.45, percent cocktail, 45.0%, percent ice, 45.0%
2016-07-06 13:54:43, Tail-less Scorpion,0.00,0.00,0.00,0.00,0.10,0.00,0.20,0.00,0.00,0.00,0.10,0.05
2016-07-06 13:54:49, Cup, 2.0, max cocktail volume, 0.9, percent cocktail, 45.0%, percent ice, 45.0%
2016-07-06 13:55:11, Tail-less Scorpion,0.00,0.00,0.00,0.00,0.20,0.00,0.40,0.00,0.00,0.00,0.20,0.10
2016-07-06 13:58:20, Starting up.
2016-07-06 13:58:21, Cup, 1.0, max cocktail volume, 0.45, percent cocktail, 45.0%, percent ice, 45.0%
2016-07-06 14:00:23, Starting up.
2016-07-06 14:00:25, Cup, 1.0, max cocktail volume, 0.45, percent cocktail, 45.0%, percent ice, 45.0%
2016-07-06 14:02:07, Starting up.
2016-07-06 14:02:09, Cup, 1.0, max cocktail volume, 0.45, percent cocktail, 45.0%, percent ice, 45.0%
2016-07-06 14:02:51, Starting up.
2016-07-06 14:02:52, Cup, 1.0, max cocktail volume, 0.45, percent cocktail, 45.0%, percent ice, 55.0%
2016-07-06 14:04:10, Tail-less Scorpion,0.00,0.00,0.00,0.00,0.10,0.00,0.20,0.00,0.00,0.00,0.10,0.05
2016-07-06 19:02:40, Starting up.
2016-07-06 19:02:43, Cup, 1.0, max cocktail volume, 0.45, percent cocktail, 45.0%, percent ice, 55.0%
2016-07-06 19:04:04, Starting up.
2016-07-06 19:04:05, Cup, 1.0, max cocktail volume, 0.45, percent cocktail, 45.0%, percent ice, 55.0%
2016-07-06 19:04:23, Chief Lapu Lapu,0.07,0.07,0.00,0.00,0.09,0.00,0.14,0.04,0.04,0.00,0.00,0.00
2016-07-06 19:04:34, Chief Lapu Lapu,0.07,0.07,0.00,0.00,0.09,0.00,0.14,0.04,0.04,0.00,0.00,0.00
2016-07-06 19:17:42, Starting up.
2016-07-06 19:17:50, Cup, 1.0, max cocktail volume, 0.45, percent cocktail, 45.0%, percent ice, 55.0%
2016-07-06 19:19:47, Tail-less Scorpion,0.00,0.00,0.00,0.00,0.10,0.00,0.20,0.00,0.00,0.00,0.10,0.05
2016-07-06 19:20:34, Tail-less Scorpion,0.00,0.00,0.00,0.00,0.10,0.00,0.20,0.00,0.00,0.00,0.10,0.05
2016-07-06 19:20:56, Tail-less Scorpion,0.00,0.00,0.00,0.00,0.10,0.00,0.20,0.00,0.00,0.00,0.10,0.05
2016-07-06 19:21:08, Tail-less Scorpion,0.00,0.00,0.00,0.00,0.10,0.00,0.20,0.00,0.00,0.00,0.10,0.05
2016-07-06 19:21:18, Tail-less Scorpion,0.00,0.00,0.00,0.00,0.10,0.00,0.20,0.00,0.00,0.00,0.10,0.05
2016-07-06 19:21:32, Tail-less Scorpion,0.00,0.00,0.00,0.00,0.10,0.00,0.20,0.00,0.00,0.00,0.10,0.05
2016-07-06 19:21:46, Tail-less Scorpion,0.00,0.00,0.00,0.00,0.10,0.00,0.20,0.00,0.00,0.00,0.10,0.05
2016-07-06 19:22:08, Tail-less Scorpion,0.00,0.00,0.00,0.00,0.10,0.00,0.20,0.00,0.00,0.00,0.10,0.05
2016-07-06 19:43:20, Starting up.
2016-07-06 20:13:08, Starting up.
2016-07-06 20:13:11, Cup, 0.0, max cocktail volume, 0.0, percent cocktail, 45.0%, percent ice, 55.0%
2016-07-06 20:13:17, Starting up.
2016-07-06 20:13:22, Cup, 4.0, max cocktail volume, 1.8, percent cocktail, 45.0%, percent ice, 55.0%
2016-07-06 20:14:26, Tail-less Scorpion,0.00,0.00,0.00,0.00,0.40,0.00,0.80,0.00,0.00,0.00,0.40,0.20
2016-07-06 20:15:28, Hurricane,0.90,0.00,0.00,0.00,0.45,0.00,0.00,0.00,0.45,0.00,0.00,0.00
2016-07-06 20:17:55, Checksum,,1.00,1.00,1.00,1.00,1.00,1.00,1.00,1.00,1.00,1.00,1.00,1.00
2016-07-06 20:19:34, Calibrated,2.00,0.00,0.00,0.00,0.00,0.00,0.00,0.00,0.00,0.00,0.00,0.00
2016-07-06 20:19:48, Cup, 1.0, max cocktail volume, 0.45, percent cocktail, 45.0%, percent ice, 55.0%
2016-07-06 20:37:52, Starting up.
2016-07-06 20:37:54, Cup, 1.0, max cocktail volume, 0.45, percent cocktail, 45.0%, percent ice, 55.0%
2016-07-06 20:38:10, Tail-less Scorpion,0.00,0.00,0.00,0.00,0.10,0.00,0.20,0.00,0.00,0.00,0.10,0.05
2016-07-06 20:39:27, Tail-less Scorpion,0.00,0.00,0.00,0.00,0.10,0.00,0.20,0.00,0.00,0.00,0.10,0.05
2016-07-06 20:39:57, Tail-less Scorpion,0.00,0.00,0.00,0.00,0.10,0.00,0.20,0.00,0.00,0.00,0.10,0.05
2016-07-06 20:40:46, Tail-less Scorpion,0.00,0.00,0.00,0.00,0.10,0.00,0.20,0.00,0.00,0.00,0.10,0.05
2016-07-06 20:41:34, Tail-less Scorpion,0.00,0.00,0.00,0.00,0.10,0.00,0.20,0.00,0.00,0.00,0.10,0.05
2016-07-06 20:41:51, Tail-less Scorpion,0.00,0.00,0.00,0.00,0.10,0.00,0.20,0.00,0.00,0.00,0.10,0.05
2016-07-06 20:45:27, Tail-less Scorpion,0.00,0.00,0.00,0.00,0.10,0.00,0.20,0.00,0.00,0.00,0.10,0.05
2016-07-06 20:45:48, Tail-less Scorpion,0.00,0.00,0.00,0.00,0.10,0.00,0.20,0.00,0.00,0.00,0.10,0.05
2016-07-06 20:46:28, Tail-less Scorpion,0.00,0.00,0.00,0.00,0.10,0.00,0.20,0.00,0.00,0.00,0.10,0.05
2016-07-06 20:46:49, Tail-less Scorpion,0.00,0.00,0.00,0.00,0.10,0.00,0.20,0.00,0.00,0.00,0.10,0.05
2016-07-06 20:47:44, Tail-less Scorpion,0.00,0.00,0.00,0.00,0.10,0.00,0.20,0.00,0.00,0.00,0.10,0.05
2016-07-06 20:48:03, Tail-less Scorpion,0.00,0.00,0.00,0.00,0.10,0.00,0.20,0.00,0.00,0.00,0.10,0.05
2016-07-06 20:48:35, Tail-less Scorpion,0.00,0.00,0.00,0.00,0.10,0.00,0.20,0.00,0.00,0.00,0.10,0.05
2016-07-06 20:50:25, Tail-less Scorpion,0.00,0.00,0.00,0.00,0.10,0.00,0.20,0.00,0.00,0.00,0.10,0.05
2016-07-06 20:50:58, Tail-less Scorpion,0.00,0.00,0.00,0.00,0.10,0.00,0.20,0.00,0.00,0.00,0.10,0.05
2016-07-06 20:51:14, Tail-less Scorpion,0.00,0.00,0.00,0.00,0.10,0.00,0.20,0.00,0.00,0.00,0.10,0.05
2016-07-06 20:52:42, Tail-less Scorpion,0.00,0.00,0.00,0.00,0.10,0.00,0.20,0.00,0.00,0.00,0.10,0.05
2016-07-06 20:53:07, Tail-less Scorpion,0.00,0.00,0.00,0.00,0.10,0.00,0.20,0.00,0.00,0.00,0.10,0.05
2016-07-06 20:56:10, Starting up.
2016-07-06 20:56:13, Cup, 1.0, max cocktail volume, 0.45, percent cocktail, 45.0%, percent ice, 55.0%
2016-07-06 20:56:27, Starting up.
2016-07-06 20:56:29, Cup, 1.0, max cocktail volume, 0.45, percent cocktail, 45.0%, percent ice, 55.0%
2016-07-06 20:56:38, Tail-less Scorpion,0.00,0.00,0.00,0.00,0.10,0.00,0.20,0.00,0.00,0.00,0.10,0.05
2016-07-06 21:03:49, Tail-less Scorpion,0.00,0.00,0.00,0.00,0.10,0.00,0.20,0.00,0.00,0.00,0.10,0.05
2016-07-06 21:04:13, Tail-less Scorpion,0.00,0.00,0.00,0.00,0.10,0.00,0.20,0.00,0.00,0.00,0.10,0.05
2016-07-06 21:09:21, Starting up.
2016-07-06 21:09:22, Cup, 1.0, max cocktail volume, 0.45, percent cocktail, 45.0%, percent ice, 55.0%
2016-07-06 21:10:06, Hawaiian Eye,0.00,0.07,0.15,0.00,0.00,0.07,0.00,0.07,0.00,0.07,0.00,0.00
2016-07-06 21:10:50, Starting up.
2016-07-06 21:10:51, Cup, 1.0, max cocktail volume, 0.45, percent cocktail, 45.0%, percent ice, 55.0%
2016-07-06 21:11:16, Hawaiian Eye,0.00,0.07,0.15,0.00,0.00,0.07,0.00,0.07,0.00,0.07,0.00,0.00
2016-07-06 21:11:35, Tail-less Scorpion,0.00,0.00,0.00,0.00,0.10,0.00,0.20,0.00,0.00,0.00,0.10,0.05
2016-07-06 21:12:26, Outrigger,0.00,0.00,0.22,0.11,0.11,0.00,0.00,0.00,0.00,0.00,0.00,0.00
2016-07-06 21:13:59, Outrigger,0.00,0.00,0.22,0.11,0.11,0.00,0.00,0.00,0.00,0.00,0.00,0.00
2016-07-06 21:14:37, Outrigger,0.00,0.00,0.22,0.11,0.11,0.00,0.00,0.00,0.00,0.00,0.00,0.00
2016-07-06 21:15:12, Outrigger,0.00,0.00,0.22,0.11,0.11,0.00,0.00,0.00,0.00,0.00,0.00,0.00
2016-07-06 21:15:46, Outrigger,0.00,0.00,0.22,0.11,0.11,0.00,0.00,0.00,0.00,0.00,0.00,0.00
2016-07-06 21:16:48, Hawaiian Eye,0.00,0.07,0.15,0.00,0.00,0.07,0.00,0.07,0.00,0.07,0.00,0.00
2016-07-06 21:17:37, Tail-less Scorpion,0.00,0.00,0.00,0.00,0.10,0.00,0.20,0.00,0.00,0.00,0.10,0.05
2016-07-09 20:09:32, Starting up.
2016-07-09 20:09:34, Cup, 1.0, max cocktail volume, 0.45, percent cocktail, 45.0%, percent ice, 55.0%
2016-07-09 20:09:53, Starting up.
2016-07-09 20:09:54, Cup, 1.0, max cocktail volume, 0.45, percent cocktail, 45.0%, percent ice, 55.0%
2016-07-09 20:10:22, Starting up.
2016-07-09 20:10:23, Cup, 1.0, max cocktail volume, 0.45, percent cocktail, 45.0%, percent ice, 55.0%
2016-07-09 20:10:50, Pieces of Eight,0.00,0.14,0.00,0.00,0.14,0.00,0.00,0.00,0.14,0.04,0.00,0.00
2016-07-09 20:11:01, Pieces of Eight,0.00,0.14,0.00,0.00,0.14,0.00,0.00,0.00,0.14,0.04,0.00,0.00
2016-07-09 20:22:39, Starting up.
2016-07-09 20:22:46, Cup, 1.0, max cocktail volume, 0.45, percent cocktail, 45.0%, percent ice, 55.0%
2016-07-09 20:22:57, Trader Vic Grog,0.18,0.00,0.00,0.00,0.09,0.00,0.00,0.00,0.09,0.00,0.09,0.00
2016-07-09 20:23:14, Trader Vic Grog,0.18,0.00,0.00,0.00,0.09,0.00,0.00,0.00,0.09,0.00,0.09,0.00
2016-07-09 20:24:12, Trader Vic Grog,0.18,0.00,0.00,0.00,0.09,0.00,0.00,0.00,0.09,0.00,0.09,0.00
2016-07-09 20:25:12, Trader Vic Grog,0.18,0.00,0.00,0.00,0.09,0.00,0.00,0.00,0.09,0.00,0.09,0.00
2016-07-09 20:26:05, Trader Vic Grog,0.18,0.00,0.00,0.00,0.09,0.00,0.00,0.00,0.09,0.00,0.09,0.00
2016-07-09 20:27:35, Starting up.
2016-07-09 20:27:42, Cup, 20.0, max cocktail volume, 9.0, percent cocktail, 45.0%, percent ice, 55.0%
2016-07-09 20:29:50, Trader Vic Grog,3.53,0.00,0.00,0.00,1.76,0.00,0.00,0.00,1.76,0.00,1.76,0.00
2016-07-09 20:54:54, Starting up.
2016-07-09 20:55:58, Cup, 10.0, max cocktail volume, 4.5, percent cocktail, 45.0%, percent ice, 55.0%
2016-07-09 21:02:52, Checksum,,1.00,1.00,1.00,1.00,1.00,1.00,1.00,1.00,1.00,1.00,1.00,1.00
2016-07-09 21:18:27, Starting up.
2016-07-09 21:18:30, Cup, 3.0, max cocktail volume, 1.35, percent cocktail, 45.0%, percent ice, 55.0%
2016-07-09 21:21:08, Starting up.
2016-07-09 21:21:12, Cup, 3.0, max cocktail volume, 1.35, percent cocktail, 45.0%, percent ice, 55.0%
2016-07-09 21:23:14, Starting up.
2016-07-09 21:23:15, Cup, 3.0, max cocktail volume, 1.35, percent cocktail, 45.0%, percent ice, 55.0%
2016-07-09 21:24:09, Starting up.
2016-07-09 21:24:11, Cup, 33.0, max cocktail volume, 14.85, percent cocktail, 45.0%, percent ice, 55.0%
2016-07-09 21:24:59, Starting up.
2016-07-09 21:25:01, Cup, 3.0, max cocktail volume, 1.35, percent cocktail, 45.0%, percent ice, 55.0%
2016-07-09 21:25:19, Starting up.
2016-07-09 21:26:36, Starting up.
2016-07-09 21:26:37, Cup, 3.0, max cocktail volume, 1.35, percent cocktail, 45.0%, percent ice, 55.0%
2016-07-09 21:29:39, Starting up.
2016-07-09 21:29:41, Cup, 3.0, max cocktail volume, 1.35, percent cocktail, 45.0%, percent ice, 55.0%
2016-07-09 21:30:07, Tail-less Scorpion,0.00,0.00,0.00,0.00,0.30,0.00,0.60,0.00,0.00,0.00,0.30,0.15
2016-07-09 21:30:36, Hawaiian Eye,0.00,0.23,0.45,0.00,0.00,0.23,0.00,0.23,0.00,0.23,0.00,0.00
2016-07-09 21:32:47, Chief Lapu Lapu,0.20,0.20,0.00,0.00,0.27,0.00,0.41,0.14,0.14,0.00,0.00,0.00
2016-07-09 21:35:17, Hurricane,0.68,0.00,0.00,0.00,0.34,0.00,0.00,0.00,0.34,0.00,0.00,0.00
2016-07-09 21:37:20, Hurricane,0.68,0.00,0.00,0.00,0.34,0.00,0.00,0.00,0.34,0.00,0.00,0.00
2016-07-09 21:41:09, Starting up.
2016-07-09 21:41:12, Cup, 10.0, max cocktail volume, 4.5, percent cocktail, 45.0%, percent ice, 55.0%
2016-07-09 21:48:47, Trader Vic Grog,1.76,0.00,0.00,0.00,0.88,0.00,0.00,0.00,0.88,0.00,0.88,0.00
2016-07-09 22:04:39, Pieces of Eight,0.00,1.35,0.00,0.00,1.35,0.00,0.00,0.00,1.35,0.45,0.00,0.00
2016-07-09 22:16:39, Mai Tai,1.00,0.00,1.00,0.50,0.00,0.00,0.50,0.25,0.00,1.00,0.00,0.25
2016-07-09 22:19:46, Hawaiian Eye,0.00,0.75,1.50,0.00,0.00,0.75,0.00,0.75,0.00,0.75,0.00,0.00
2016-07-09 22:34:19, Scorpion,0.00,1.03,0.00,0.00,0.77,0.00,1.54,0.00,0.00,0.00,0.77,0.39
2016-07-09 22:46:36, Hawaiian Eye,0.00,0.75,1.50,0.00,0.00,0.75,0.00,0.75,0.00,0.75,0.00,0.00
2016-07-09 22:51:41, Hurricane,2.25,0.00,0.00,0.00,1.12,0.00,0.00,0.00,1.12,0.00,0.00,0.00
2016-07-09 22:53:46, Outrigger,0.00,0.00,2.25,1.12,1.12,0.00,0.00,0.00,0.00,0.00,0.00,0.00
2016-07-09 22:55:06, Mai Tai,1.00,0.00,1.00,0.50,0.00,0.00,0.50,0.25,0.00,1.00,0.00,0.25
2016-07-09 22:56:48, Trader Vic Grog,1.76,0.00,0.00,0.00,0.88,0.00,0.00,0.00,0.88,0.00,0.88,0.00
2016-07-09 22:59:00, Outrigger,0.00,0.00,2.25,1.12,1.12,0.00,0.00,0.00,0.00,0.00,0.00,0.00
2016-07-09 23:00:53, Trader Vic Grog,1.76,0.00,0.00,0.00,0.88,0.00,0.00,0.00,0.88,0.00,0.88,0.00
2016-07-09 23:02:15, Mai Tai,1.00,0.00,1.00,0.50,0.00,0.00,0.50,0.25,0.00,1.00,0.00,0.25
2016-07-09 23:04:47, Tail-less Scorpion,0.00,0.00,0.00,0.00,1.00,0.00,2.00,0.00,0.00,0.00,1.00,0.50
2016-07-09 23:06:13, Mai Tai,1.00,0.00,1.00,0.50,0.00,0.00,0.50,0.25,0.00,1.00,0.00,0.25
2016-07-09 23:08:53, Hurricane,2.25,0.00,0.00,0.00,1.12,0.00,0.00,0.00,1.12,0.00,0.00,0.00
2016-07-09 23:10:08, Mai Tai,1.00,0.00,1.00,0.50,0.00,0.00,0.50,0.25,0.00,1.00,0.00,0.25
2016-07-09 23:12:09, Trader Vic Grog,1.76,0.00,0.00,0.00,0.88,0.00,0.00,0.00,0.88,0.00,0.88,0.00
2016-07-09 23:14:15, Hurricane,2.25,0.00,0.00,0.00,1.12,0.00,0.00,0.00,1.12,0.00,0.00,0.00
2016-07-09 23:16:04, Hurricane,2.25,0.00,0.00,0.00,1.12,0.00,0.00,0.00,1.12,0.00,0.00,0.00
2016-07-09 23:17:33, Tail-less Scorpion,0.00,0.00,0.00,0.00,1.00,0.00,2.00,0.00,0.00,0.00,1.00,0.50
2016-07-09 23:19:36, Hurricane,2.25,0.00,0.00,0.00,1.12,0.00,0.00,0.00,1.12,0.00,0.00,0.00
2016-07-09 23:22:01, Hurricane,2.25,0.00,0.00,0.00,1.12,0.00,0.00,0.00,1.12,0.00,0.00,0.00
2016-07-09 23:24:36, Scorpion,0.00,1.03,0.00,0.00,0.77,0.00,1.54,0.00,0.00,0.00,0.77,0.39
2016-07-09 23:26:53, Hurricane,2.25,0.00,0.00,0.00,1.12,0.00,0.00,0.00,1.12,0.00,0.00,0.00
2016-07-09 23:28:18, Mai Tai,1.00,0.00,1.00,0.50,0.00,0.00,0.50,0.25,0.00,1.00,0.00,0.25
2016-07-09 23:30:48, Hurricane,2.25,0.00,0.00,0.00,1.12,0.00,0.00,0.00,1.12,0.00,0.00,0.00
2016-07-09 23:32:39, Pieces of Eight,0.00,1.35,0.00,0.00,1.35,0.00,0.00,0.00,1.35,0.45,0.00,0.00
2016-07-09 23:33:48, Mai Tai,1.00,0.00,1.00,0.50,0.00,0.00,0.50,0.25,0.00,1.00,0.00,0.25
2016-07-09 23:34:35, Mai Tai,1.00,0.00,1.00,0.50,0.00,0.00,0.50,0.25,0.00,1.00,0.00,0.25
2016-07-09 23:39:00, Mai Tai,1.00,0.00,1.00,0.50,0.00,0.00,0.50,0.25,0.00,1.00,0.00,0.25
2016-07-09 23:41:04, Trader Vic Grog,1.76,0.00,0.00,0.00,0.88,0.00,0.00,0.00,0.88,0.00,0.88,0.00
2016-07-09 23:43:46, Tail-less Scorpion,0.00,0.00,0.00,0.00,1.00,0.00,2.00,0.00,0.00,0.00,1.00,0.50
2016-07-09 23:45:29, Mai Tai,1.00,0.00,1.00,0.50,0.00,0.00,0.50,0.25,0.00,1.00,0.00,0.25
2016-07-09 23:47:29, Tail-less Scorpion,0.00,0.00,0.00,0.00,1.00,0.00,2.00,0.00,0.00,0.00,1.00,0.50
2016-07-09 23:49:04, Pieces of Eight,0.00,1.35,0.00,0.00,1.35,0.00,0.00,0.00,1.35,0.45,0.00,0.00
2016-07-09 23:51:37, Hurricane,2.25,0.00,0.00,0.00,1.12,0.00,0.00,0.00,1.12,0.00,0.00,0.00
2016-07-09 23:53:22, Trader Vic Grog,1.76,0.00,0.00,0.00,0.88,0.00,0.00,0.00,0.88,0.00,0.88,0.00
2016-07-09 23:55:02, Mai Tai,1.00,0.00,1.00,0.50,0.00,0.00,0.50,0.25,0.00,1.00,0.00,0.25
2016-07-09 23:57:24, Hurricane,2.25,0.00,0.00,0.00,1.12,0.00,0.00,0.00,1.12,0.00,0.00,0.00
2016-07-09 23:58:40, Mai Tai,1.00,0.00,1.00,0.50,0.00,0.00,0.50,0.25,0.00,1.00,0.00,0.25
2016-07-10 00:00:02, Mai Tai,1.00,0.00,1.00,0.50,0.00,0.00,0.50,0.25,0.00,1.00,0.00,0.25
2016-07-10 00:01:35, Chief Lapu Lapu,0.68,0.68,0.00,0.00,0.90,0.00,1.35,0.45,0.45,0.00,0.00,0.00
2016-07-10 00:03:14, Trader Vic Grog,1.76,0.00,0.00,0.00,0.88,0.00,0.00,0.00,0.88,0.00,0.88,0.00
2016-07-10 00:04:33, Scorpion,0.00,1.03,0.00,0.00,0.77,0.00,1.54,0.00,0.00,0.00,0.77,0.39
2016-07-10 00:06:07, Trader Vic Grog,1.76,0.00,0.00,0.00,0.88,0.00,0.00,0.00,0.88,0.00,0.88,0.00
2016-07-10 00:07:47, Hurricane,2.25,0.00,0.00,0.00,1.12,0.00,0.00,0.00,1.12,0.00,0.00,0.00
2016-07-10 00:08:57, Hawaiian Eye,0.00,0.75,1.50,0.00,0.00,0.75,0.00,0.75,0.00,0.75,0.00,0.00
2016-07-10 00:10:46, Hurricane,2.25,0.00,0.00,0.00,1.12,0.00,0.00,0.00,1.12,0.00,0.00,0.00
2016-07-10 00:13:56, Hurricane,2.25,0.00,0.00,0.00,1.12,0.00,0.00,0.00,1.12,0.00,0.00,0.00
2016-07-10 00:15:18, Hawaiian Eye,0.00,0.75,1.50,0.00,0.00,0.75,0.00,0.75,0.00,0.75,0.00,0.00
2016-07-10 00:17:54, Hurricane,2.25,0.00,0.00,0.00,1.12,0.00,0.00,0.00,1.12,0.00,0.00,0.00
2016-07-10 00:19:46, Hurricane,2.25,0.00,0.00,0.00,1.12,0.00,0.00,0.00,1.12,0.00,0.00,0.00
2016-07-10 00:23:22, Mai Tai,1.00,0.00,1.00,0.50,0.00,0.00,0.50,0.25,0.00,1.00,0.00,0.25
2016-07-10 00:25:18, Trader Vic Grog,1.76,0.00,0.00,0.00,0.88,0.00,0.00,0.00,0.88,0.00,0.88,0.00
2016-07-10 00:27:20, Hurricane,2.25,0.00,0.00,0.00,1.12,0.00,0.00,0.00,1.12,0.00,0.00,0.00
2016-07-10 00:29:07, Trader Vic Grog,1.76,0.00,0.00,0.00,0.88,0.00,0.00,0.00,0.88,0.00,0.88,0.00
2016-07-10 00:31:16, Hurricane,2.25,0.00,0.00,0.00,1.12,0.00,0.00,0.00,1.12,0.00,0.00,0.00
2016-07-10 00:32:26, Mai Tai,1.00,0.00,1.00,0.50,0.00,0.00,0.50,0.25,0.00,1.00,0.00,0.25
2016-07-10 00:33:26, Mai Tai,1.00,0.00,1.00,0.50,0.00,0.00,0.50,0.25,0.00,1.00,0.00,0.25
2016-07-10 00:35:54, Hurricane,2.25,0.00,0.00,0.00,1.12,0.00,0.00,0.00,1.12,0.00,0.00,0.00
2016-07-10 00:37:18, Mai Tai,1.00,0.00,1.00,0.50,0.00,0.00,0.50,0.25,0.00,1.00,0.00,0.25
2016-07-10 00:40:01, Trader Vic Grog,1.76,0.00,0.00,0.00,0.88,0.00,0.00,0.00,0.88,0.00,0.88,0.00
2016-07-10 00:41:17, Mai Tai,1.00,0.00,1.00,0.50,0.00,0.00,0.50,0.25,0.00,1.00,0.00,0.25
2016-07-10 00:43:12, Trader Vic Grog,1.76,0.00,0.00,0.00,0.88,0.00,0.00,0.00,0.88,0.00,0.88,0.00
2016-07-10 00:44:39, Mai Tai,1.00,0.00,1.00,0.50,0.00,0.00,0.50,0.25,0.00,1.00,0.00,0.25
2016-07-10 00:45:53, Mai Tai,1.00,0.00,1.00,0.50,0.00,0.00,0.50,0.25,0.00,1.00,0.00,0.25
2016-07-10 00:46:54, Mai Tai,1.00,0.00,1.00,0.50,0.00,0.00,0.50,0.25,0.00,1.00,0.00,0.25
2016-07-10 00:47:50, Mai Tai,1.00,0.00,1.00,0.50,0.00,0.00,0.50,0.25,0.00,1.00,0.00,0.25
2016-07-10 00:49:56, Hurricane,2.25,0.00,0.00,0.00,1.12,0.00,0.00,0.00,1.12,0.00,0.00,0.00
2016-07-10 00:51:49, Hurricane,2.25,0.00,0.00,0.00,1.12,0.00,0.00,0.00,1.12,0.00,0.00,0.00
2016-07-10 00:53:47, Hurricane,2.25,0.00,0.00,0.00,1.12,0.00,0.00,0.00,1.12,0.00,0.00,0.00
2016-07-10 00:55:25, Mai Tai,1.00,0.00,1.00,0.50,0.00,0.00,0.50,0.25,0.00,1.00,0.00,0.25
2016-07-10 00:56:53, Mai Tai,1.00,0.00,1.00,0.50,0.00,0.00,0.50,0.25,0.00,1.00,0.00,0.25
2016-07-10 00:58:47, Trader Vic Grog,1.76,0.00,0.00,0.00,0.88,0.00,0.00,0.00,0.88,0.00,0.88,0.00
2016-07-10 01:00:17, Trader Vic Grog,1.76,0.00,0.00,0.00,0.88,0.00,0.00,0.00,0.88,0.00,0.88,0.00
2016-07-10 01:02:06, Outrigger,0.00,0.00,2.25,1.12,1.12,0.00,0.00,0.00,0.00,0.00,0.00,0.00
2016-07-10 01:04:18, Hurricane,2.25,0.00,0.00,0.00,1.12,0.00,0.00,0.00,1.12,0.00,0.00,0.00
2016-07-10 01:06:25, Trader Vic Grog,1.76,0.00,0.00,0.00,0.88,0.00,0.00,0.00,0.88,0.00,0.88,0.00
2016-07-10 01:08:01, Chief Lapu Lapu,0.68,0.68,0.00,0.00,0.90,0.00,1.35,0.45,0.45,0.00,0.00,0.00
2016-07-10 01:10:15, Hurricane,2.25,0.00,0.00,0.00,1.12,0.00,0.00,0.00,1.12,0.00,0.00,0.00
2016-07-10 01:11:48, Hurricane,2.25,0.00,0.00,0.00,1.12,0.00,0.00,0.00,1.12,0.00,0.00,0.00
2016-07-10 01:15:03, Trader Vic Grog,1.76,0.00,0.00,0.00,0.88,0.00,0.00,0.00,0.88,0.00,0.88,0.00
2016-07-10 01:16:32, Mai Tai,1.00,0.00,1.00,0.50,0.00,0.00,0.50,0.25,0.00,1.00,0.00,0.25
2016-07-10 01:18:28, Hawaiian Eye,0.00,0.75,1.50,0.00,0.00,0.75,0.00,0.75,0.00,0.75,0.00,0.00
2016-07-10 01:20:11, Mai Tai,1.00,0.00,1.00,0.50,0.00,0.00,0.50,0.25,0.00,1.00,0.00,0.25
2016-07-10 01:24:18, Tail-less Scorpion,0.00,0.00,0.00,0.00,1.00,0.00,2.00,0.00,0.00,0.00,1.00,0.50
2016-07-10 01:27:55, Hurricane,2.25,0.00,0.00,0.00,1.12,0.00,0.00,0.00,1.12,0.00,0.00,0.00
2016-07-10 01:29:25, Pieces of Eight,0.00,1.35,0.00,0.00,1.35,0.00,0.00,0.00,1.35,0.45,0.00,0.00
2016-07-10 01:30:45, Mai Tai,1.00,0.00,1.00,0.50,0.00,0.00,0.50,0.25,0.00,1.00,0.00,0.25
2016-07-10 01:33:05, Hurricane,2.25,0.00,0.00,0.00,1.12,0.00,0.00,0.00,1.12,0.00,0.00,0.00
2016-07-10 01:35:46, Hurricane,2.25,0.00,0.00,0.00,1.12,0.00,0.00,0.00,1.12,0.00,0.00,0.00
2016-07-10 01:42:31, Hawaiian Eye,0.00,0.75,1.50,0.00,0.00,0.75,0.00,0.75,0.00,0.75,0.00,0.00
2016-07-10 01:44:51, Mai Tai,1.00,0.00,1.00,0.50,0.00,0.00,0.50,0.25,0.00,1.00,0.00,0.25
2016-07-10 01:46:20, Mai Tai,1.00,0.00,1.00,0.50,0.00,0.00,0.50,0.25,0.00,1.00,0.00,0.25
2016-07-10 01:48:50, Hurricane,2.25,0.00,0.00,0.00,1.12,0.00,0.00,0.00,1.12,0.00,0.00,0.00
2016-07-10 01:50:52, Pieces of Eight,0.00,1.35,0.00,0.00,1.35,0.00,0.00,0.00,1.35,0.45,0.00,0.00
2016-07-10 01:52:47, Trader Vic Grog,1.76,0.00,0.00,0.00,0.88,0.00,0.00,0.00,0.88,0.00,0.88,0.00
2016-07-10 01:55:59, Hurricane,2.25,0.00,0.00,0.00,1.12,0.00,0.00,0.00,1.12,0.00,0.00,0.00
2016-07-10 01:58:01, Hurricane,2.25,0.00,0.00,0.00,1.12,0.00,0.00,0.00,1.12,0.00,0.00,0.00
2016-07-10 02:00:03, Trader Vic Grog,1.76,0.00,0.00,0.00,0.88,0.00,0.00,0.00,0.88,0.00,0.88,0.00
2016-07-10 02:01:51, Trader Vic Grog,1.76,0.00,0.00,0.00,0.88,0.00,0.00,0.00,0.88,0.00,0.88,0.00
2016-07-10 02:04:35, Hurricane,2.25,0.00,0.00,0.00,1.12,0.00,0.00,0.00,1.12,0.00,0.00,0.00
2016-07-10 02:06:17, Trader Vic Grog,1.76,0.00,0.00,0.00,0.88,0.00,0.00,0.00,0.88,0.00,0.88,0.00
2016-07-10 02:07:49, Pieces of Eight,0.00,1.35,0.00,0.00,1.35,0.00,0.00,0.00,1.35,0.45,0.00,0.00
2016-07-10 02:09:06, Mai Tai,1.00,0.00,1.00,0.50,0.00,0.00,0.50,0.25,0.00,1.00,0.00,0.25
2016-07-10 02:10:53, Mai Tai,1.00,0.00,1.00,0.50,0.00,0.00,0.50,0.25,0.00,1.00,0.00,0.25
2016-07-10 02:12:38, Tail-less Scorpion,0.00,0.00,0.00,0.00,1.00,0.00,2.00,0.00,0.00,0.00,1.00,0.50
2016-07-10 02:14:12, Scorpion,0.00,1.03,0.00,0.00,0.77,0.00,1.54,0.00,0.00,0.00,0.77,0.39
2016-07-10 02:15:54, Mai Tai,1.00,0.00,1.00,0.50,0.00,0.00,0.50,0.25,0.00,1.00,0.00,0.25
2016-07-10 02:18:23, Mai Tai,1.00,0.00,1.00,0.50,0.00,0.00,0.50,0.25,0.00,1.00,0.00,0.25
2016-07-10 02:20:11, Trader Vic Grog,1.76,0.00,0.00,0.00,0.88,0.00,0.00,0.00,0.88,0.00,0.88,0.00
2016-07-10 02:21:34, Trader Vic Grog,1.76,0.00,0.00,0.00,0.88,0.00,0.00,0.00,0.88,0.00,0.88,0.00
2016-07-10 02:22:55, Scorpion,0.00,1.03,0.00,0.00,0.77,0.00,1.54,0.00,0.00,0.00,0.77,0.39
2016-07-10 02:24:04, Hawaiian Eye,0.00,0.75,1.50,0.00,0.00,0.75,0.00,0.75,0.00,0.75,0.00,0.00
2016-07-10 02:25:02, Mai Tai,1.00,0.00,1.00,0.50,0.00,0.00,0.50,0.25,0.00,1.00,0.00,0.25
2016-07-10 02:25:55, Mai Tai,1.00,0.00,1.00,0.50,0.00,0.00,0.50,0.25,0.00,1.00,0.00,0.25
2016-07-10 02:27:30, Trader Vic Grog,1.76,0.00,0.00,0.00,0.88,0.00,0.00,0.00,0.88,0.00,0.88,0.00
2016-07-10 02:29:27, Hurricane,2.25,0.00,0.00,0.00,1.12,0.00,0.00,0.00,1.12,0.00,0.00,0.00
2016-07-10 02:30:32, Mai Tai,1.00,0.00,1.00,0.50,0.00,0.00,0.50,0.25,0.00,1.00,0.00,0.25
2016-07-10 02:31:56, Pieces of Eight,0.00,1.35,0.00,0.00,1.35,0.00,0.00,0.00,1.35,0.45,0.00,0.00
2016-07-10 02:33:01, Hawaiian Eye,0.00,0.75,1.50,0.00,0.00,0.75,0.00,0.75,0.00,0.75,0.00,0.00
2016-07-10 02:35:29, Trader Vic Grog,1.76,0.00,0.00,0.00,0.88,0.00,0.00,0.00,0.88,0.00,0.88,0.00
2016-07-10 02:36:58, Trader Vic Grog,1.76,0.00,0.00,0.00,0.88,0.00,0.00,0.00,0.88,0.00,0.88,0.00
2016-07-10 02:38:55, Hurricane,2.25,0.00,0.00,0.00,1.12,0.00,0.00,0.00,1.12,0.00,0.00,0.00
2016-07-10 02:40:26, Trader Vic Grog,1.76,0.00,0.00,0.00,0.88,0.00,0.00,0.00,0.88,0.00,0.88,0.00
2016-07-10 02:41:44, Mai Tai,1.00,0.00,1.00,0.50,0.00,0.00,0.50,0.25,0.00,1.00,0.00,0.25
2016-07-10 02:43:45, Hurricane,2.25,0.00,0.00,0.00,1.12,0.00,0.00,0.00,1.12,0.00,0.00,0.00
2016-07-10 02:44:56, Mai Tai,1.00,0.00,1.00,0.50,0.00,0.00,0.50,0.25,0.00,1.00,0.00,0.25
2016-07-10 02:46:20, Trader Vic Grog,1.76,0.00,0.00,0.00,0.88,0.00,0.00,0.00,0.88,0.00,0.88,0.00
2016-07-10 02:47:47, Trader Vic Grog,1.76,0.00,0.00,0.00,0.88,0.00,0.00,0.00,0.88,0.00,0.88,0.00
2016-07-10 02:49:06, Mai Tai,1.00,0.00,1.00,0.50,0.00,0.00,0.50,0.25,0.00,1.00,0.00,0.25
2016-07-10 02:49:47, Mai Tai,1.00,0.00,1.00,0.50,0.00,0.00,0.50,0.25,0.00,1.00,0.00,0.25
2016-07-10 02:51:40, Hurricane,2.25,0.00,0.00,0.00,1.12,0.00,0.00,0.00,1.12,0.00,0.00,0.00
2016-07-10 02:52:37, Mai Tai,1.00,0.00,1.00,0.50,0.00,0.00,0.50,0.25,0.00,1.00,0.00,0.25
2016-07-10 02:53:58, Hawaiian Eye,0.00,0.75,1.50,0.00,0.00,0.75,0.00,0.75,0.00,0.75,0.00,0.00
2016-07-10 02:55:31, Outrigger,0.00,0.00,2.25,1.12,1.12,0.00,0.00,0.00,0.00,0.00,0.00,0.00
2016-07-10 02:57:01, Trader Vic Grog,1.76,0.00,0.00,0.00,0.88,0.00,0.00,0.00,0.88,0.00,0.88,0.00
2016-07-10 02:58:34, Trader Vic Grog,1.76,0.00,0.00,0.00,0.88,0.00,0.00,0.00,0.88,0.00,0.88,0.00
2016-07-10 02:59:52, Scorpion,0.00,1.03,0.00,0.00,0.77,0.00,1.54,0.00,0.00,0.00,0.77,0.39
2016-07-10 03:02:09, Hurricane,2.25,0.00,0.00,0.00,1.12,0.00,0.00,0.00,1.12,0.00,0.00,0.00
2016-07-10 03:03:17, Tail-less Scorpion,0.00,0.00,0.00,0.00,1.00,0.00,2.00,0.00,0.00,0.00,1.00,0.50
2016-07-10 03:04:50, Hurricane,2.25,0.00,0.00,0.00,1.12,0.00,0.00,0.00,1.12,0.00,0.00,0.00
2016-07-10 03:05:58, Hawaiian Eye,0.00,0.75,1.50,0.00,0.00,0.75,0.00,0.75,0.00,0.75,0.00,0.00
2016-07-10 03:07:42, Hurricane,2.25,0.00,0.00,0.00,1.12,0.00,0.00,0.00,1.12,0.00,0.00,0.00
2016-07-10 03:08:36, Mai Tai,1.00,0.00,1.00,0.50,0.00,0.00,0.50,0.25,0.00,1.00,0.00,0.25
2016-07-10 03:09:34, Mai Tai,1.00,0.00,1.00,0.50,0.00,0.00,0.50,0.25,0.00,1.00,0.00,0.25
2016-07-10 03:10:55, Trader Vic Grog,1.76,0.00,0.00,0.00,0.88,0.00,0.00,0.00,0.88,0.00,0.88,0.00
2016-07-10 03:12:16, Pieces of Eight,0.00,1.35,0.00,0.00,1.35,0.00,0.00,0.00,1.35,0.45,0.00,0.00
2016-07-10 03:14:01, Hurricane,2.25,0.00,0.00,0.00,1.12,0.00,0.00,0.00,1.12,0.00,0.00,0.00
2016-07-10 03:15:12, Mai Tai,1.00,0.00,1.00,0.50,0.00,0.00,0.50,0.25,0.00,1.00,0.00,0.25
2016-07-10 03:17:10, Hurricane,2.25,0.00,0.00,0.00,1.12,0.00,0.00,0.00,1.12,0.00,0.00,0.00
2016-07-10 03:18:31, Trader Vic Grog,1.76,0.00,0.00,0.00,0.88,0.00,0.00,0.00,0.88,0.00,0.88,0.00
2016-07-10 03:19:38, Mai Tai,1.00,0.00,1.00,0.50,0.00,0.00,0.50,0.25,0.00,1.00,0.00,0.25
2016-07-10 03:20:59, Trader Vic Grog,1.76,0.00,0.00,0.00,0.88,0.00,0.00,0.00,0.88,0.00,0.88,0.00
2016-07-10 03:22:33, Hurricane,2.25,0.00,0.00,0.00,1.12,0.00,0.00,0.00,1.12,0.00,0.00,0.00
2016-07-10 03:23:32, Mai Tai,1.00,0.00,1.00,0.50,0.00,0.00,0.50,0.25,0.00,1.00,0.00,0.25
2016-07-10 03:25:02, Trader Vic Grog,1.76,0.00,0.00,0.00,0.88,0.00,0.00,0.00,0.88,0.00,0.88,0.00
2016-07-10 03:26:41, Outrigger,0.00,0.00,2.25,1.12,1.12,0.00,0.00,0.00,0.00,0.00,0.00,0.00
2016-07-10 03:27:44, Mai Tai,1.00,0.00,1.00,0.50,0.00,0.00,0.50,0.25,0.00,1.00,0.00,0.25
2016-07-10 03:30:22, Pieces of Eight,0.00,1.35,0.00,0.00,1.35,0.00,0.00,0.00,1.35,0.45,0.00,0.00
2016-07-10 03:31:31, Mai Tai,1.00,0.00,1.00,0.50,0.00,0.00,0.50,0.25,0.00,1.00,0.00,0.25
2016-07-10 03:39:49, Trader Vic Grog,1.76,0.00,0.00,0.00,0.88,0.00,0.00,0.00,0.88,0.00,0.88,0.00
2016-07-10 03:41:50, Hurricane,2.25,0.00,0.00,0.00,1.12,0.00,0.00,0.00,1.12,0.00,0.00,0.00
2016-07-10 03:43:21, Pieces of Eight,0.00,1.35,0.00,0.00,1.35,0.00,0.00,0.00,1.35,0.45,0.00,0.00
2016-07-10 03:44:43, Hawaiian Eye,0.00,0.75,1.50,0.00,0.00,0.75,0.00,0.75,0.00,0.75,0.00,0.00
2016-07-10 03:47:37, Pieces of Eight,0.00,1.35,0.00,0.00,1.35,0.00,0.00,0.00,1.35,0.45,0.00,0.00
2016-07-10 03:48:43, Pieces of Eight,0.00,1.35,0.00,0.00,1.35,0.00,0.00,0.00,1.35,0.45,0.00,0.00
2016-07-10 03:51:04, Trader Vic Grog,1.76,0.00,0.00,0.00,0.88,0.00,0.00,0.00,0.88,0.00,0.88,0.00
2016-07-10 03:52:58, Trader Vic Grog,1.76,0.00,0.00,0.00,0.88,0.00,0.00,0.00,0.88,0.00,0.88,0.00
2016-07-10 03:54:36, Trader Vic Grog,1.76,0.00,0.00,0.00,0.88,0.00,0.00,0.00,0.88,0.00,0.88,0.00
2016-07-10 03:56:20, Tail-less Scorpion,0.00,0.00,0.00,0.00,1.00,0.00,2.00,0.00,0.00,0.00,1.00,0.50
2016-07-10 03:58:08, Scorpion,0.00,1.03,0.00,0.00,0.77,0.00,1.54,0.00,0.00,0.00,0.77,0.39
2016-07-10 04:00:34, Hurricane,2.25,0.00,0.00,0.00,1.12,0.00,0.00,0.00,1.12,0.00,0.00,0.00
2016-07-10 04:02:41, Trader Vic Grog,1.76,0.00,0.00,0.00,0.88,0.00,0.00,0.00,0.88,0.00,0.88,0.00
2016-07-10 04:04:42, Trader Vic Grog,1.76,0.00,0.00,0.00,0.88,0.00,0.00,0.00,0.88,0.00,0.88,0.00
2016-07-10 04:06:22, Trader Vic Grog,1.76,0.00,0.00,0.00,0.88,0.00,0.00,0.00,0.88,0.00,0.88,0.00
2016-07-10 04:11:19, Tail-less Scorpion,0.00,0.00,0.00,0.00,1.00,0.00,2.00,0.00,0.00,0.00,1.00,0.50
2016-07-10 04:14:03, Mai Tai,1.00,0.00,1.00,0.50,0.00,0.00,0.50,0.25,0.00,1.00,0.00,0.25
2016-07-10 04:14:51, Mai Tai,1.00,0.00,1.00,0.50,0.00,0.00,0.50,0.25,0.00,1.00,0.00,0.25
2016-07-10 04:18:52, Trader Vic Grog,1.76,0.00,0.00,0.00,0.88,0.00,0.00,0.00,0.88,0.00,0.88,0.00
2016-07-10 04:20:09, Trader Vic Grog,1.76,0.00,0.00,0.00,0.88,0.00,0.00,0.00,0.88,0.00,0.88,0.00
2016-07-10 04:22:33, Trader Vic Grog,1.76,0.00,0.00,0.00,0.88,0.00,0.00,0.00,0.88,0.00,0.88,0.00
2016-07-10 04:24:29, Trader Vic Grog,1.76,0.00,0.00,0.00,0.88,0.00,0.00,0.00,0.88,0.00,0.88,0.00
2016-07-10 04:26:16, Mai Tai,1.00,0.00,1.00,0.50,0.00,0.00,0.50,0.25,0.00,1.00,0.00,0.25
2016-07-10 04:28:34, Outrigger,0.00,0.00,2.25,1.12,1.12,0.00,0.00,0.00,0.00,0.00,0.00,0.00
2016-07-10 04:30:22, Mai Tai,1.00,0.00,1.00,0.50,0.00,0.00,0.50,0.25,0.00,1.00,0.00,0.25
